risp,
mult,
nimz,
zolp,open
gomz,
dirz,
gorz,
yolt,
vard,
darz,
kigz,
gofk,
nonz,
merp,
misk,
fugz,
rozd,
dult,
mifk,
dirp,
yard,
keft,
ralz,
rumz,
teft,
bimd,
derp,
tond,
famd,
razd,
wenz,
luzd,
wanz,
wurp,
sutx,
vulz,
zalt,
gefk,
kofk,
fogz,
datx,
murp,
wemz,
heft,
tost,
xalt,
yerz,
gusk,
mafk,
ximd,
dulp,
wurz,
dulz,
soqk,
dimz,
vorz,
rend,
terd,
fanz,
temd,
burz,
kerd,
rulz,
sanz,
lumd,
lozd,
nirp,
visk,
zesk,
gitx,
nalz,
magz,
fotx,
xift,
dotx,
zamz,
posp,
futx,
mesp,
muft,
fert,
gusp,
pesk,
henz,
faft,
zalz,
bafk,
kirt,
pamd,
surp,
gest,guest
tozd,
hemz,
xamd,against
heqk,
tomz,
zusp,
winz,
zenz,
fifk,
laqk,
valt,
yust,
test,
kist,
hanz,
rugz,
xarz,
verd,
solz,
nend,
mamd,
bust,
fefk,
resp,
sosk,
zerz,
molp,
fuqk,
lind,
sasp,
duqk,
hisk,
mend,
baqk,
dast,
left,
must,
tafk,
kard,
botx,
matx,
xogz,
xosk,
semd,
sunz,sun
pefk,
setx,
birz,
kiqk,
tuzd,
tust,
vesp,
xuft,
potx,
kolp,
faqk,
zirp,
lask,
lugz,
zafk,
kulz,
kasp,
fozd,
hart,
hitx,
wend,
hezd,
haqk,
sest,
kirp,
zalp,
doqk,
xarp,
lisp,
veqk,
fuft,
betx,
nond,
dift,
kurp,
xesk,
limz,
bumd,
bomz,
yost,
bemz,
venz,
wugz,
tofk,
vuqk,
wazd,
yomd,
bosk,
bord,
dosk,
bozd,
palz,
nagz,
barz,
kamd,
hind,
rord,
vufk,
hesk,
pagz,
zutx,
nemz,
rolz,
rist,
mulz,
dumz,
gist,
fosp,
desk,
gulz,
demz,
gand,
xord,
turt,
lolt,
salp,
surd,
harz,
ditx,
saqk,
xegz,
pomz,
vesk,
zosk,
vast,
zimd,
ramd,
xigz,
zasp,
huzd,
vemz,
rigz,
lust,
gard,
bisk,
pind,
lotx,
vosk,
yeqk,
tanz,
furt,
kird,
kolz,
bult,
momd,
rurp,
zonz,
durz,
puzd,
kisp,
zult,
zulp,
rird,
kagz,
nitx,
nikx,next
hisp,
lamz,lose
yurz,
xard,
tifk,
yugz,
morp,
dird,
kitx,
fuzd,
rard,
weqk,
hozd,
zuft,
vefk,
moqk,
bolz,
dosp,
damz,
dord,
dogz,
koqk,
sesk,
lift,
yimz,
yumz,
herz,
lenz,
lolz,
dart,
lurz,
dezd,
lufk,
xufk,
hult,
yamz,
daqk,
gafk,
rerd,
wesk,
larz,
zusk,
vezd,
sult,
sonz,
nirt,
xulp,
nerp,
ganz,
humz,
malz,
gart,
patx,
yufk,
hazd,
vert,
wiqk,
gasp,
lalz,
duzd,
latx,
kazd,
digz,
nefk,
tard,
naft,
lezd,
nund,
sizd,
farz,
tuqk,
bosp,
nasp,
kift,
furd,
serz,
polt,
sisp,
tord,
nisp,
wart,
famz,
mirp,
mozd,
rizd,
rurt,
yusk,
sost,
nifk,
dasp,
kogz,
mast,
dafk,
fizd,
rorp,
wift,
bist,
losp,
lulp,
gorp,
paft,
volz,
nenz,
luft,
zitx,
xemd,
zufk,
bimz,
gast,
gigz,
kanz,
rutx,
lord,
muzd,
xunz,
karp,
sorz,
votx,
vurd,
titx,
ramz,
halt,
butx,
wetx,
nift,
gemd,
kozd,
pimz,
yezd,
dugz,
viqk,
dist,
miqk,
fosk,
rorz,
pirz,
tert,
domz,
zend,
sitx,
koft,
kesp,
boft,
dozd,
hamz,
bufk,
xolp,
sist,
manz,
deft,
wegz,
xisk,
bofk,
fist,
bazd,
visp,
lemd,
yirz,
sosp,
torp,caterpillar
vanz,
rarz,
tesp,
foft,
terz,
ruzd,
mosp,
lorz,
host,
gult,
tumz,
yazd,
katx,cat
kamz,
pand,panda
kalz,
tunz,
folp,
yetx,
yifk,
vuzd,
wask,
dirt,
gunz,
dofk,
fult,
gotx,
kart,
yulp,
hinz,
yulz,
wumz,
larp,
lolp,
nolp,
pulz,
pusk,
bard,
xuzd,
zurd,
wist,
last,
rerz,
gonz,
rumd,
simz,
tird,
tagz,
bort,
funz,
xirt,
hulz,
kaft,
konz,
sesp,
kusk,
norp,
vinz,
lirp,
zorp,
yend,
tizd,
lert,
farp,
narz,
dizd,
tinz,
zuzd,
nozd,
find,
parz,
tift,
palp,
nolz,
xerd,
word,
gezd,
honz,
vand,
munz,moon
zemd,
vask,
vart,
zatx,
holt,
hurz,
wosk,
pezd,
nind,
kulp,
yurd,
kask,
burp,
kesk,
yund,
rift,
nird,
ninz,
nask,
pert,
xerp,
rort,
motx,
tarp,
kumz,
gerp,
goqk,
musp,
yift,
nunz,
yesp,
lurp,
bift,
yand,
fofk,
xart,
femd,
rosk,
zoft,
yosp,
lerz,
firp,
namz,
lerd,
bezd,
nurt,
kurd,
tonz,
bird,beard
zetx,
vort,bird
bogz,
karz,
rifk,
rund,around
rult,
soft,
wind,
kenz,
dufk,
pesp,
memd,
nufk,
bulp,
kurt,
zarz,
rirz,
gend,
girz,
pisp,
holz,
dost,
dolp,
lort,
fumz,
bizd,
totx,
rofk,
losk,
xazd,
yort,
falt,
nemd,
zumd,
lonz,
vunz,
sisk,
fegz,
yuqk,
wult,
nimd,
wizd,
surz,
yord,
barp,
witx,
lisk,
pask,
vust,
marp,
mugz,
xorp,
wonz,
yutx,
desp,
xort,
xalz,
huft,
waft,
bart,
domd,
darp,
geqk,
himd,
xerz,
fesp,
wusp,
tigz,
werd,
kizd,
disp,
porz,
gegz,
ragz,
pest,
zund,
hetx,
vetx,
liqk,
natx,
kest,
wurd,
muqk,
zorz,
xult,
tosk,
serd,
mund,
durt,
folt,
susp,
girt,
worp,
borz,
wast,
linz,
hufk,
zond,
furp,
salt,
vifk,
gumz,
zind,
satx,
gurd,
yatx,
sert,
ginz,
wogz,
sund,
pard,
gugz,
dutx,
yarz,
veft,
galz,
yask,
nirz,
vest,
diqk,
zust,
gost,ghost
rolp,
vorp,
yarp,
band,bond
toft,
sufk,
femz,
talp,
zosp,
pist,
wamd,
zegz,
yotx,
besp,
peft,
ralt,
defk,
narp,
kosp,
vonz,
pumz,
fusk,
mort,
golp,
dond,
vosp,
xurz,
dorp,
binz,
yert,
hoqk,
buft,
wost,
wunz,
xumz,
yoft,
bagz,
fart,fart
past,
gurt,
zumz,
fesk,
dunz,
xalp,
turp,
perz,
vitx,
vend,
ketx,
tezd,
mask,
lafk,
figz,
nutx,
bunz,
gust,
horp,
hork,whale
reft,
polp,
kuzd,
fift,
numd,
fast,
peqk,
dorz,
pufk,
zask,
nalp,
danz,
leqk,
fand,
wafk,
virp,
nolt,
valz,
yomz,
rezd,
derd,
tult,
bugz,
yind,
zert,
nuft,
taqk,
yurp,
vost,
yonz,
xest,
gozd,
kemd,
rimd,
metx,
talt,
kerz,
nafk,
xizd,
wirp,
xemz,
mift,
pemz,
tart,
penz,
wolp,
wezd,
falp,
kend,
purt,
porn,purr
fend,
tatx,
vund,
fort,
vamz,
benz,
vafk,
nust,
perp,
hunz,
hurp,
nigz,
gufk,
finz,
homz,
wurt,
zirz,
turd,
volt,
kond,
gifk,
turz,
kind,
vazd,
nuzd,
dalp,
hirp,
fazd,
pafk,
kert,
merz,
wert,
seft,
lomd,
dend,
rasp,
nusp,
pemd,
numz,
mirt,
hesp,
pinz,
wirz,
yumd,
tutx,
hafk,
garz,
zamd,
limd,
womz,
kaqk,
rest,
zogz,
hord,
harp,
wund,
husk,
torz,
bumz,
lamd,
fufk,
tisk,
wotx,
hosk,
lutx,
kuft,
dolz,
kust,
nosp,
herd,
roqk,
segz,
rolt,
wimz,
xaqk,
tarz,
kezd,
fask,
malt,
xatx,
yimd,
dand,
xoft,
bend,
zerp,
port,
togz,
safk,
hift,
letx,
remz,
namd,
hist,
pift,
nanz,
dumd,
kusp,
batx,
talz,
yunz,
bamd,
ruft,
yird,
petx,
zotx,
lest,
nurp,
vimz,
pozd,
zird,
vaft,
wesp,
suft,
nugz,
teqk,
xeft,
womd,
molt,
hort,
xutx,
loft,
yorz,
xefk,
vomz,
xofk,
riqk,
vasp,
pofk,
sift,
rand,
fimz,
bast,
land,
bonz,
sind,
fasp,
pusp,
tisp,
xezd,
bigz,
nuqk,
wisp,
kalt,
ranz,
xond,
gind,
yizd,
yast,
wolt,
wolf,wolf
nesk,
bond,
zort,deer
risk,risk
pirt,squirrel
gurp,
nast,bug
xotx,
morz,
yafk,
tend,
mirz,
mogz,
pitx,
fomz,
woft,
zozd,
dusp,
hert,
garp,
yond,
vizd,
lerp,
xesp,
fumd,
hurt,
higz,
mert,
vulp,
zugz,
refk,
korz,
yiqk,
xetx,
murd,
xust,
rusp,
fulp,
marz,
zolt,
walz,
rart,
voqk,
gesp,
palt,
xulz,
golz,
zirt,
sand,
mird,
mizd,
lend,
murt,
fimd,
perd,
suzd,
kutx,
ferp,
kirz,
nofk,
daft,
sarp,
firt,
vult,
saft,
yogz,
gisk,
lalp,
worz,
tamd,
banz,
dolt,
watx,
dimd,
xast,
xifk,
pulp,
tosp,
solt,
huqk,
xirz,
laft,
nest,
tist,
lifk,
verp,very
sirt,
vemd,
lult,
werz,
nezd,
punz,
nosk,
pund,
dund,
kort,
virz,
zard,
xanz,
duft,
seqk,
rogz,
sard,
gimz,
lurt,
bamz,
lemz,
best,
puqk,
balp,
galt,
walt,
fatx,
zurt,
getx,
samd,
halp,alpaca
lazd,
verz,
somd,
hatx,
zord,
humd,
ward,
zaqk,
post,
burd,
dest,
guft,
varz,
tulz,
netx,
samz,
yult,
foqk,
wond,
burt,
senz,
zezd,
pazd,
pogz,
dust,
mimd,
masp,
mond,
yalz,
wimd,
xolz,
pult,
pomd,
fost,
purz,
simd,
legz,
kafk,
nart,
nogz,
sogz,
berp,
zast,
zefk,
lumz,
vugz,
warp,
bask,
wamz,
tast,
bitx,beach
hiqk,
yemd,
xorz,
buzd,
genz,
sofk,
mufk,
bisp,
lart,
lorp,
zist,
donz,
vumd,
pugz,
gatx,
zemz,
xurp,
xost,
zigz,
sorp,
gagz,
neft,
hifk,
zuqk,
posk,
kord,
nisk,
yisk,
rosp,
guzd,
malp,
gizd,
timd,
wofk,
wumd,
vaqk,
zagz,
wolz,
resk,
pegz,
suqk,
rusk,
xert,
gomd,
nost,
sulp,
bifk,
rost,
zomd,
dert,
yozd,
baft,
gift,
kinz,
sird,
yigz,
tolz,
lard,
gimd,
wust,
begz,
sozd,
lulz,
lesk,
ximz,
sumz,
lurd,
pond,
xolt,
noft,
pust,
kifk,
damd,
xend,
xosp,
ferz,
misp,
zarp,
most,
tefk,
vimd,
yuzd,
fisk,
fomd,
yemz,
niqk,
gisp,
zeft,
xonz,
folz,
kost,coast
zazd,
nizd,
raft,
ralp,
ronz,
yisp,
kemz,
murz,
xamz,
virt,
mesk,
yamd,
hagz,
detx,
zisp,
gerz,
rinz,
tirz,
somz,
hurd,
bulz,
gutx,
task,
zinz,
denz,
dalt,
yalp,
yorp,
hutx,
disk,
maft,
gosk,
kast,
herp,
xuqk,
zart,
nerd,
wigz,
fard,
momz,
xund,
gond,
wuzd,
zomz,
hirz,
polz,
volp,
romd,
gaft,
hirt,
rotx,
gord,
retx,
vogz,
nort,
wufk,
ruqk,
hard,
yinz,
doft,
nert,
sifk,
giqk,
rufk,
yitx,
deqk,
lalt,
zolz,
bemd,
wulz,
vond,
xird,
xurd,
mezd,
rirt,
hust,
demd,
varp,
nusk,
wusk,
kimz,
homd,
nulp,
tesk,
vegz,
pifk,
yusp,
forz,
durd,
lasp,
xasp,
bund,
yolp,
tort,
wird,weird
rulp,
nurd,
vurz,
maqk,
timz,
gaqk,
dusk,
wosp,
dinz,
ziqk,
fetx,
rarp,
zurz,
derz,
nord,
vigz,
yofk,
vofk,
xafk,
wagz,
firz,
zeqk,
xeqk,
pigz,
pasp,
part,
mard,
bost,
mamz,
xoqk,
lost,
fagz,
guqk,
meft,
zimz,
vind,
forp,
zofk,
salz,
fenz,
gamd,
fird,
lond,
ponz,
lusp,
sarz,
gemz,
hotx,
rafk,
xaft,
gesk,
yanz,
vurt,
zunz,
nurz,
beft,
menz,
loqk,
vutx,
sazd,
xirp,
werp,
yaqk,
notx,
nard,
gamz,
rust,
kult,
dask,
xask,
fonz,
puft,
valp,
molz,
yist,
mest,
fezd,
walp,
hund,
rirp,
tomd,
dort,
vomd,
yenz,
lizd,
pimd,
mefk,
beqk,
sart,
vord,
hemd,
xozd,
hask,
sond,
gert,
rimz,
tulp,
mand,
lofk,
tand,
xiqk,
gosp,
hoft,
tugz,
poqk,
voft,
mimz,
negz,
nesp,
mazd,
nerz,
birp,
fafk,
tamz,
rast,
regz,
berd,
vusk,
tumd,
busp,
tufk,
bolp,
xand,
geft,
borp,
remd,
yirt,
purp,
panz,
vird,
zest,
gulp,
mumd,
xomz,
norz,
mofk,
lusk,
send,
vozd,
zesp,
pamz,
zift,
girp,
sask,
fitx,
yeft,
neqk,
rurd,
lirt,
rert,
luqk,
zanz,
tazd,
pirp,
naqk,
sotx,
ford,
sezd,
xinz,
zurp,
minz,
yerp,
zand,
gogz,
purd,
purb,hyperbola
meqk,
komz,
musk,
gazd,
balt,
yegz,
tind,
sagz,
yurt,
nalt,
memz,
vagz,
ferd,
surt,
wefk,
mosk,
gurz,
zisk,
kumd,
golt,
pisk,
busk,
yaft,
sort,
sigz,
susk,
xurt,
kalp,
feft,
hofk,
bind,
lomz,
haft,
kotx,
sord,
fiqk,
taft,
fisp,
xumd,
hird,
kegz,
dazd,
mind,
xomd,
poft,
wifk,
moft,
lefk,
goft,
dind,
migz,
kugz,
nult,
galp,
raqk,
merd,
sefk,
nulz,
rerp,
lagz,
tusp,
fust,
vift,
vist,
birt,
sumd,
tasp,
nomd,
lunz,
kerp,
wutx,
mulp,
sust,
lesp,
lanz,
kund,
runz,
hast,
keqk,
lund,
sinz,
west,
roft,
halz,
gund,
kunz,
tusk,
yart,
solp,
bomd,
ligz,
lips,ellipse
serp,
monz,
temz,
logz,
vurp,
wisk,
pizd,
durp,
sugz,
gird,
wuft,
holp,
yoqk,
tolt,
befk,
sast,
yasp,
fund,
wirt,
hegz,
list,
xind,
husp,
kolt,difficult
boqk,
rind,
waqk,
tenz,
tirp,
parp,easy
nazd,
wulp,
wort,
yagz,
nist,
kisk,
zoqk,
bolt,
feqk,
falz,
lirz,
besk,
xisp,
yesk,
tund,
buqk,bunk
terp,
fusp,
kand,
xusk,
hand,behind
hant,haunt
renz,
komd,
pumd,
zerd,
berz,
biqk,
porp,
fest,
litx,
yest,
romz,
kefk,
hasp,
pird,
hosp,
sulz,
pord,
rond,
semz,
hefk,
rurz,
ritx,
zulz,
kuqk,
yirp,
sirz,
korp,
mord,
wuqk,
furz,
xugz,
mist,
mutx,
gort,
himz,
tiqk,
horz,
dard,
reqk,
gumd,
tetx,
hugz,
putx,
xitx,
xusp,
yuft,
piqk,
tegz,
megz,
nomz,
gask,
nand,
degz,
difk,
tirt,
balz,
vumz,
vamd,
xenz,
noqk,
zaft,
fulz,
fond,
mart,
hizd,
hogz,
hamd,
wemd,
dalz,
mitx,
xagz,
siqk,
hest,
kurz,
tuft,
yefk,
zost,
warz,
rask,
paqk,
ratx,
hend,
yosk,
hulp,
kimd,
wasp,
wozd,
vatx,
yalt,
vusp,
hond,badger
zizd,
zifk,
sirp,
tolp,
yolz,
kufk,
kosk,
xist,
gerd,
woqk,
mumz,
vuft,
weft,
yerd,
pend,
toqk,
basp,
lird,
bert,
dagz,dog
wand,ant
vark,aardvark
pork,porcupine
harm,armadillo
faks,fox
fild,field
