flest,
txaft,
xralp,
krask,
drozd,
srarz,
vliqk,
sluzd,
progz,
klulz,
xrenz,
vlerd,
vlirt,
kroqk,
srerd,
txozd,
srulz,
slart,
xrofk,
frirp,
grart,
bralp,
blamz,
txutx,
srofk,
wrigz,
bluft,
greqk,
flard,
slord,
frimd,
txumz,
kraft,
blitx,
frist,
trazd,
sromd,
kranz,
vrask,
grind,
srask,
drult,
glaft,
xrest,
glasp,
sralt,
dreft,
blulp,
sragz,
txesk,
glifk,
slusk,
brufk,
vlesk,
drost,
klust,
vlolt,
gluqk,
srert,
blazd,
brusk,
srotx,
blizd,
glenz,
blert,
proqk,
drogz,
flatx,
klaqk,
wrofk,
prest,
grert,
txart,
dralt,
brulp,
blafk,
wrask,
srogz,
klorz,
txolz,
trert,
gruzd,
vlask,
krund,
frert,
vronz,
glend,
vrerp,
frenz,
triqk,
frutx,
slulz,
flumd,
flogz,
glutx,
gruft,
drufk,
dralz,
grufk,
klest,
xrolp,
vriqk,
wrarz,
klord,
krorz,
vlutx,
vlimz,
xrird,
krafk,
drust,
vlift,
prenz,
vlost,
vrutx,
vland,
kralz,
breft,
vlatx,
drizd,
vlaft,
blurz,
fralz,
txust,
pretx,
xremz,
vlumz,
glorz,
wrost,
blagz,
xrigz,
grust,
briqk,
xlosp,
txolp,
brerz,
wrarp,
txenz,
txast,
txorz,
drirp,
wraft,
brust,
trond,
gluzd,
slest,
frult,
kland,
brarz,
vloft,
bloft,
vlumd,
vrimz,
xraft,
sleft,
traqk,
vresp,
trunz,
prend,
slamd,
srimz,
xramd,
brirt,
frisk,
blisk,
txulp,
wrozd,
xlezd,
blift,
kresp,
wrolt,
krert,
wrorz,
txanz,
xrust,
txerp,
grifk,
wrolz,
sraqk,
brirp,
prafk,
wrust,
txezd,
dresp,
vrort,
flist,
prerz,
krard,
srugz,
slend,
trasp,
slimd,
xrerd,
krust,
xrosk,
xlulp,
flirp,
slult,
srazd,
vloqk,
gralz,
grosp,
blegz,
gramz,
wrirt,
sremz,
xrist,
xlast,
srirz,
troft,
xruqk,
fluzd,
trenz,
vrend,
klefk,
kligz,
flurt,
florz,
frerd,
framd,
glirp,
flert,
blurp,
srunz,
drasp,
xlirt,
bragz,
glird,
drusk,
wrusk,
troqk,
dramz,
srast,
xlirz,
flisp,
vlard,
glazd,
blesk,
trirp,
wrolp,
txemz,
vlarp,
dritx,
glurd,
frulp,
flesk,
flanz,
frisp,
drumz,
vrarp,
xlogz,
klerp,
grumd,
klask,
xrert,
pruqk,
xranz,
wratx,
brolz,
kralp,
trust,
grarp,
xruft,
drosp,
drird,
brizd,
txird,
xlunz,
glusk,
blisp,
xlerz,
krort,
vlolp,
xrost,
grigz,
dregz,
kruft,
glulz,
trezd,
pritx,
slifk,
vrafk,
blost,
xlemz,
wreqk,
frunz,
grenz,
tralt,
trosp,
glarp,
glitx,
trufk,
promz,
trigz,
txogz,
brigz,
vlazd,
txist,
prufk,
txurd,
groft,
flisk,
slosp,
krult,
klalz,
klifk,
srumz,
krost,
trizd,
pramz,
xrirp,
vrefk,
xlosk,
wrinz,
vlurz,
wrogz,
frumz,
bruzd,
bland,
brert,
drirz,
xrard,
vlond,
krisk,
trimd,
prirt,
slegz,
vlund,
trimz,
vregz,
xlarp,
kroft,
drulp,
frolt,
srest,
grinz,
krorp,
prifk,
bremz,
tximd,
xrumz,
frolz,
flarz,
xrond,
srend,
trest,
krugz,
grirz,
txarz,
brird,
vrofk,
gregz,
slunz,
slirp,
klegz,
krisp,
vlalz,
vlulz,
wrugz,
brand,
xresp,
drimd,
glatx,
fremz,
tximz,
granz,
slift,
xrinz,
srisp,
drord,
brolp,
pramd,
vromd,
flotx,
xrund,
glisk,
slirz,
grimd,
flunz,
wrisk,
dragz,
prefk,
draqk,
klift,
brasp,
slufk,
gralt,
xlend,
bralt,
txitx,
trusk,
flagz,
sland,
sromz,
txagz,
prolz,
vrulz,
vlurd,
xlofk,
vrast,
prigz,
xluzd,
slimz,
vrirz,
xrort,
xlolt,
srosp,
prist,
srost,
srift,
xlasp,
drisk,
vluft,
glerd,
dralp,
wramd,
prirp,
grugz,
wrulz,
fleqk,
sratx,
fligz,
klart,
wrosk,
txask,
prarp,
drard,
wrend,
wrasp,
krusk,
prutx,
vlezd,
txest,
prift,
wregz,
glegz,
slurp,
krart,
tronz,
xlomd,
klorp,
xlost,
glesk,
xlulz,
vrotx,
grozd,
frosk,
fletx,
brirz,
sruzd,
grist,
xlolz,
flesp,
trofk,
vlemz,
drist,
txetx,
wralz,
srort,
blotx,
sremd,
blusk,
vranz,
gliqk,
braqk,
krusp,
slask,
slumz,
frord,
glolt,
slosk,
srolz,
flulp,
glort,
srifk,
wrort,
xleft,
vlord,
prugz,
vlasp,
flosp,
glosp,
floqk,
brart,
xrerz,
dromz,
slenz,
blorp,
xlumd,
flirt,
trulz,
prerd,
xlugz,
krolp,
wrert,
bleqk,
blurt,
txizd,
glorp,
vrond,
sluft,
blirp,
klugz,
blogz,
trift,
krolz,
brorz,
flust,
blumd,
klinz,
wresk,
xroqk,
xreft,
vlunz,
vrift,
brulz,
blomd,
klosk,
vrusp,
xlemd,
sretx,
glezd,
xligz,
prezd,
vlert,
flitx,
britx,
kromz,
truzd,
drask,
drart,
pronz,
brost,
draft,
pruzd,
kleft,
xrart,
primd,
txost,
xrulp,
bresk,
trarz,
vruft,
slorz,
klird,
prorz,
tresp,
sruqk,
trisp,
srorp,
srust,
xretx,
klarp,
txazd,
tremd,
vlusk,
dremz,
brofk,
xlomz,
slomz,
wrafk,
blarp,
brosp,
vlirp,
prarz,
xromz,
klerz,
glesp,
frust,
brort,
wronz,
brift,
vlotx,
prast,
bletx,
slumd,
prorp,
klomd,
dramd,
klogz,
kluft,
krotx,
xlonz,
grimz,
frost,
flerz,
frigz,
klumz,
bralz,
glost,
xlurt,
xrumd,
vrolp,
krumd,
brotx,
xralt,
vlurp,
xrirz,
srist,
fleft,
xragz,
wrazd,
wrult,
krand,
xlanz,
glurz,
klast,
frefk,
krimz,
xlund,
blard,
vramd,
slurt,
slemz,
vrorp,
brogz,
vrumz,
dresk,
drast,
trefk,
trist,
vrenz,
wralt,
bluqk,
srerp,
brutx,
xlist,
xrast,
xlifk,
drorp,
wrufk,
grezd,
griqk,
tregz,
flask,
srufk,
vramz,
frorz,
xlotx,
grund,
tremz,
gruqk,
frumd,
krind,
preft,
slolz,
kruzd,
xrezd,
txift,
vlosk,
xrult,
tragz,
vrizd,
glefk,
blosk,
vlust,
drarp,
prost,
kloqk,
brisk,
fralt,
wrerz,
slist,
blonz,
wrart,
drerz,
klirt,
blend,
brinz,
vlast,
klult,
kretx,
drofk,
blezd,
srind,
klosp,
kriqk,
slund,
fresp,
vleqk,
slizd,
slerz,
prolp,
vlozd,
xlagz,
kragz,
drigz,
flulz,
srand,
grirp,
vlurt,
txurp,
gluft,
kleqk,
slesk,
slert,
drolz,
prard,
frest,
blart,
drugz,
frird,
vrulp,
xlinz,
xromd,
vragz,
flamd,
krozd,
xlumz,
flift,
vlemd,
vrerd,
xraqk,
drusp,
flifk,
vlirz,
florp,
grerz,
xlamz,
frerp,
wretx,
blozd,
krefk,
krirt,
klasp,
grerp,
vlerp,
drarz,
wreft,
grusk,
slozd,
blirt,
prert,
prand,
flosk,
prond,
glurt,
klomz,
xlask,
klurt,
glumd,
vrerz,
wralp,
srosk,
blaqk,
vlind,
tromd,
vlult,
prort,
blolp,
xlalt,
drind,
krunz,
klizd,
xlart,
glusp,
dranz,
primz,
brefk,
vremd,
krumz,
vrumd,
vrusk,
dretx,
klagz,
kresk,
vlonz,
writx,
txuzd,
gratx,
vruzd,
vrasp,
vrozd,
prind,
xlaqk,
txisp,
praft,
klatx,
grafk,
wrunz,
kloft,
txamd,
flazd,
txolt,
xrasp,
xlisk,
kremz,
txond,
trolp,
brund,
vrust,
brifk,
xlizd,
glonz,
glemz,
slast,
klamd,
tralz,
prozd,
slorp,
drand,
wragz,
wrisp,
blust,
xlerp,
blusp,
klamz,
prumz,
xlusk,
txegz,
kromd,
vretx,
txosp,
blomz,
glotx,
klirp,
drend,
xlurd,
flaqk,
klemd,
vlefk,
flusk,
kreft,
fruft,
fralp,
sriqk,
srisk,
glalp,
vluqk,
flond,
blast,
trort,
blolz,
xrisp,
grolt,
txult,
srult,
blind,
blurd,
sresk,
druqk,
sreft,
xlazd,
brumz,
drisp,
glurp,
flost,
vlend,
brumd,
txalt,
glofk,
grumz,
trirt,
txord,
xlarz,
frast,
wrond,
krirp,
trerp,
kralt,
klist,
wrerd,
wrumz,
prund,
krufk,
xrind,
frulz,
glind,
sreqk,
frirz,
slagz,
sligz,
kritx,
brard,
freqk,
wroqk,
krosp,
grizd,
vrigz,
frogz,
flaft,
vleft,
slatx,
xlurp,
xlurz,
trozd,
drest,
xlamd,
xland,
prulp,
drosk,
txund,
vrosp,
wrand,
slofk,
blalz,
txesp,
slulp,
xrimz,
slind,
grorz,
krift,
xlefk,
vrisp,
gralp,
tromz,
vrarz,
glaqk,
xruzd,
wroft,
glalt,
frimz,
xlenz,
vrunz,
drotx,
glogz,
slarz,
greft,
vresk,
klond,
grosk,
frugz,
vlenz,
trumd,
klurz,
txurt,
truqk,
glolp,
frosp,
grotx,
drifk,
pratx,
txand,
flefk,
txefk,
trosk,
xlalz,
wrast,
braft,
klulp,
txiqk,
krinz,
tramz,
txomd,
broft,
xrogz,
xrosp,
xlimz,
drumd,
bromz,
glugz,
klind,
wrorp,
kluzd,
brerp,
prazd,
klirz,
grogz,
bluzd,
slinz,
drimz,
xlest,
prust,
glinz,
vrart,
txemd,
grulz,
gresp,
gleft,
sloft,
slolp,
sloqk,
fresk,
brord,
prord,
brask,
kramd,
frend,
flend,
xlord,
kliqk,
trird,
wrefk,
vlamd,
vlofk,
vlogz,
brugz,
sletx,
vrorz,
trulp,
flizd,
xlegz,
wrest,
slisk,
flerd,
brosk,
drinz,
trerz,
blasp,
slarp,
srond,
grond,
druft,
vrisk,
vlalp,
grasp,
xloqk,
txinz,
pregz,
bramd,
wrift,
klitx,
wrimz,
klort,
vrird,
fluqk,
drenz,
bleft,
xrugz,
flalz,
prumd,
prusp,
slisp,
xlift,
prird,
gritx,
bresp,
grift,
srenz,
frezd,
klufk,
txirp,
vrimd,
frifk,
glimz,
trusp,
vlaqk,
brusp,
vlimd,
flinz,
trotx,
glomz,
vlorz,
gretx,
glart,
wrumd,
sranz,
glard,
txirt,
premd,
klumd,
klusp,
slutx,
vrest,
klozd,
blulz,
kramz,
xremd,
glisp,
fremd,
glamd,
sralz,
xrozd,
wraqk,
presp,
wrist,
prusk,
fliqk,
krirz,
gleqk,
flort,
blird,
srart,
slalz,
xlirp,
slird,
slefk,
wrenz,
txeft,
srolp,
glulp,
drerp,
krifk,
frirt,
xlert,
vrifk,
grofk,
klezd,
klazd,
vrost,
frozd,
xrend,
vlisp,
wrord,
prisp,
xregz,
vralp,
txarp,
txeqk,
xleqk,
vlist,
frerz,
trend,
flalp,
vlagz,
xlard,
wromd,
vrogz,
dremd,
vrund,
framz,
blerd,
profk,
gremd,
trand,
xrisk,
txonz,
drolp,
xlisp,
flult,
klonz,
treqk,
brond,
xrolz,
txisk,
klert,
frasp,
trask,
glolz,
blutx,
klolz,
grarz,
wriqk,
grisp,
flarp,
slolt,
vrirt,
kruqk,
bromd,
klisp,
glamz,
klolp,
drert,
slaft,
txulz,
frazd,
srusp,
xrarz,
blarz,
glask,
wrund,
wrutx,
flurd,
slurz,
trarp,
xlaft,
vrind,
flamz,
friqk,
xritx,
krezd,
glafk,
flund,
klotx,
vrazd,
vrufk,
brunz,
xratx,
glumz,
grast,
blult,
druzd,
txerz,
blask,
wremd,
srezd,
bronz,
xlimd,
frarz,
brest,
srord,
droft,
proft,
frask,
brind,
flolz,
wrind,
flird,
srorz,
brazd,
gresk,
wrifk,
xlusp,
vrirp,
xrafk,
vlinz,
frarp,
vrugz,
trind,
srard,
kreqk,
klalt,
xrunz,
txaqk,
vraqk,
vluzd,
srerz,
prizd,
txuqk,
slalp,
xrefk,
glund,
blirz,
txamz,
droqk,
sresp,
slogz,
gland,
glizd,
floft,
grusp,
slost,
txosk,
slamz,
tritx,
sluqk,
vlesp,
slaqk,
xluqk,
txorp,
krofk,
xresk,
drirt,
flasp,
gronz,
bratx,
xlesp,
wrusp,
vrosk,
krast,
wrotx,
vlugz,
truft,
txafk,
blatx,
vlisk,
drift,
vremz,
vlafk,
flimd,
vlanz,
xrord,
krulz,
fraqk,
klaft,
srafk,
klesp,
xloft,
groqk,
slerp,
brult,
dronz,
wrird,
klimd,
vrand,
vlorp,
trerd,
vrult,
xlatx,
fregz,
tranz,
flugz,
fluft,
wruzd,
slugz,
prirz,
drolt,
fragz,
promd,
drund,
fritx,
vrolz,
frund,
glagz,
frond,
wrirz,
srulp,
vrinz,
bretx,
xlorp,
kregz,
vralt,
srigz,
wrosp,
bruft,
txert,
drort,
txoft,
glunz,
krosk,
wromz,
slasp,
klurp,
flirz,
txerd,
vlalt,
tramd,
glirt,
grazd,
vlerz,
glult,
wresp,
pralp,
blerp,
broqk,
dratx,
grend,
glast,
bloqk,
vromz,
pragz,
tresk,
sregz,
krizd,
klend,
srimd,
traft,
slalt,
klurd,
krarp,
xlalp,
frusp,
wrizd,
glerp,
brimz,
txasp,
grunz,
flafk,
prart,
flast,
flolp,
wrimd,
wremz,
flemd,
srirp,
prerp,
glozd,
klund,
blond,
krenz,
bligz,
grerd,
klesk,
blaft,
vreqk,
krist,
frand,
trart,
blunz,
vrard,
brorp,
frafk,
flurp,
vlegz,
txofk,
trorp,
grand,
xrimd,
vlufk,
drulz,
flomz,
flind,
blosp,
srirt,
vlifk,
krerp,
pralt,
txoqk,
sraft,
wrulp,
klisk,
blifk,
prunz,
prult,
xriqk,
xlutx,
froft,
fromz,
fruqk,
krazd,
praqk,
gromd,
presk,
kronz,
drafk,
txind,
vletx,
krerz,
flumz,
sliqk,
fronz,
prasp,
glirz,
txalz,
krutx,
blund,
froqk,
xrerp,
xrift,
drezd,
klost,
vritx,
xlorz,
tretx,
slezd,
flerp,
gletx,
xramz,
klarz,
srizd,
blemd,
slard,
klanz,
vlart,
glust,
xrifk,
vlulp,
krulp,
dreqk,
brist,
trord,
txifk,
blist,
brend,
gligz,
sronz,
srund,
grort,
sroqk,
xlult,
klusk,
grisk,
gremz,
krerd,
krimd,
trinz,
blest,
pruft,
txalp,
xronz,
frind,
trirz,
sritx,
slirt,
flart,
xreqk,
flimz,
krolt,
kraqk,
dromd,
slesp,
trutx,
flegz,
krord,
xrusp,
frard,
slitx,
txomz,
grask,
blamd,
blenz,
slazd,
vrolt,
vlolz,
frift,
grefk,
vrezd,
srozd,
xlitx,
vrord,
wrard,
txusp,
fratx,
vruqk,
vrert,
blord,
brast,
krest,
frotx,
preqk,
blalp,
wrezd,
xrand,
slust,
slomd,
sleqk,
prisk,
flalt,
frorp,
xlozd,
grult,
trugz,
txard,
srarp,
sralp,
frizd,
xlind,
flemz,
frofk,
klafk,
drorz,
krend,
franz,
klutx,
pranz,
krigz,
srefk,
slafk,
vlomz,
wramz,
xrorp,
blalt,
grirt,
txurz,
xlerd,
wrerp,
drazd,
trumz,
glalz,
grulp,
xralz,
grorp,
blolt,
brozd,
srusk,
flonz,
xrufk,
xlufk,
brenz,
srird,
blesp,
krarz,
kletx,
frinz,
vroft,
trast,
xliqk,
flutx,
frufk,
brolt,
glarz,
prinz,
frolp,
graqk,
kremd,
brisp,
frort,
glord,
glemd,
xrask,
blinz,
klemz,
wruqk,
fretx,
trolz,
fromd,
grolz,
blofk,
klerd,
txend,
xlust,
xrizd,
slanz,
breqk,
trard,
gramd,
trisk,
protx,
grutx,
fruzd,
brafk,
blerz,
krogz,
prosp,
srinz,
xlird,
glerz,
flezd,
blort,
drerd,
premz,
sramd,
glift,
xluft,
brimd,
blumz,
blugz,
slusp,
drutx,
slotx,
klenz,
xrarp,
priqk,
wrirp,
driqk,
xletx,
bregz,
glist,
flolt,
glond,
grest,
xlesk,
slort,
txuft,
glimd,
klofk,
xrirt,
slurd,
vlizd,
branz,
xrutx,
flusp,
prolt,
blanz,
gromz,
prask,
glosk,
brerd,
gragz,
vlusp,
blimd,
xlort,
krird,
fland,
pralz,
vrist,
klunz,
tralp,
vlird,
srumd,
kratx,
trolt,
grard,
xlolp,
trost,
trogz,
txort,
blefk,
flofk,
xrolt,
treft,
glomd,
vlamz,
klard,
txigz,
txumd,
vlest,
vlarz,
bramz,
txufk,
vratx,
freft,
vlitx,
wruft,
srasp,
vlort,
fraft,
frart,
txotx,
gloft,
grost,
gloqk,
bliqk,
trorz,
brezd,
drond,
blemz,
flenz,
xrulz,
slerd,
srolt,
txirz,
flord,
graft,
vlosp,
flomd,
drunz,
bruqk,
flufk,
glufk,
blimz,
bremd,
sramz,
grolp,
klolt,
xlafk,
krond,
xrusk,
tratx,
txugz,
vralz,
txusk,
klalp,
xrotx,
txunz,
trund,
xlond,
drefk,
krasp,
xrazd,
xroft,
vreft,
vraft,
prulz,
txatx,
flozd,
frusk,
vroqk,
glanz,
prosk,
xrorz,
blorz,
slonz,
sruft,
blufk,
srutx,
glert,
sroft,
vligz,
trult,
trifk,
slemd,
brarp,
vlomd,
trafk,
grird,
glest,
flurz,
kluqk,
klimz,
slond,
grord,
wranz,
storm,storm
spark,spark
