prar,
srid,
vrox,
slut,
vler,
drof,
drik,
xrav,
smex,
klat,
frop,
trev,
proz,
bleg,
xlev,
kyux,
flur,
greb,
krud,
krek,
xmaf,
smit,
slin,
kyeg,
brix,
plez,
bliz,
grum,
kyiv,
frix,
vrov,
brav,
sluf,
klip,
snab,snob
plir,
trus,truce
kyib,
blon,
grep,grape
flud,
txaf,
srum,
flov,
xrap,
vlig,
prax,
bliv,
smep,
vlev,
gliq,
friv,
treb,
smug,
trod,
txeb,
plar,
gral,
srab,
smaq,
vlaf,
kyoz,
triq,
srup,
sren,
glan,
kral,
smuq,
flad,
xmuv,
flol,
kyeb,
slub,
vrat,
dreb,
kris,
prak,
xras,
snet,
broq,
blin,
txos,
sriv,
vrim,
slat,
prid,
vlon,
gris,
kyif,
txiz,
vrex,
xman,
srip,
prek,
flit,
dris,
kyed,
kyef,
kled,
txid,
vrus,
smin,
xleq,
kler,
klof,
pran,
gres,grace
trar,
slav,
praz,
xral,
bleb,
trad,
prub,parabola
prod,modulo
xmib,
plep,
xlik,
txub,
plem,
xrak,
drav,
smed,
xrut,
xrum,
flav,
froz,
plin,
flaz,
sros,
snig,
xmoq,
vraq,
snoq,
flog,
klaq,
vram,
txas,
snoz,
slip,
smid,
srir,
kruz,cruise
drim,dream
praf,
bluf,
frud,
plig,
blov,
snov,
xrek,
txab,
blav,
frat,
smam,
vlif,
kruv,
sruz,
vreb,
sret,
preq,
slep,
kyuf,
xlab,
bror,
klad,
brig,
xmos,
smax,
pruf,
xmeb,
snas,
vrav,
slir,
xlof,
kyus,
plam,
xret,
xlet,
plot,
xrox,
vlav,
xrip,
prif,
xler,
plor,
xmax,badger
srug,
kyup,
bluk,
kyot,
xlaq,
plix,
flak,flock
plid,
trot,
kliq,
vlan,bat
smet,
snem,
prag,
bliq,
txek,
xmik,
vlis,
slap,
grub,
slud,
krug,
xlax,
kyoq,
sriz,
drib,
kres,
xmak,
txux,
trem,
gluk,
plaf,
gruv,
grin,
kruq,
plum,
xmid,
slak,
glol,
srod,
brex,
xlid,
brin,
snak,
gleq,
frug,
grus,
vror,
txaz,
fron,
txip,
glob,
vruq,
gled,
brak,
blun,
plak,
glaf,
frim,
fret,
vriv,
flas,
krir,
vrax,
glig,
krit,
kret,
pruk,
vlir,
briq,bring
vrak,
slok,
snob,
krim,
brit,
vrem,
krut,
krix,
breb,
trap,
traf,
vris,
xmaz,
smun,
smut,
kyab,
blik,
glup,
klon,
kyep,
treq,
tret,
brif,
vlem,
glum,
frux,
grom,
vlax,
pleb,
trab,
brog,
kyuz,
flag,
slid,
plob,
fliq,
xlug,
trut,
xrid,
xmeq,
drev,
kror,
vled,
krum,
glev,
kyok,
flep,
broz,
braf,
xmep,
bloz,
pluz,
smaf,
kyul,
glek,
kyet,
flat,
vlag,
glez,
slig,
fruk,
xref,
xris,
glut,
txep,
txom,
xlin,
xlak,
xmum,
klov,
glux,
xluq,
kriz,
groz,
kyog,
brir,
draq,
blit,beetle
xmuf,
snar,
prip,
slog,
srax,
pron,
xruf,
smim,
drex,
fluq,
slit,
grav,
snim,
flul,
vrud,
vlid,
vrik,
blam,
txet,
flok,
smoz,
brov,above
snut,
xmit,
xmuq,
snan,
vlek,
xlag,
prad,
krak,
slad,
xmef,
kyam,
kras,
vriz,below
prem,little
grod,
xmar,
vrir,
gret,great
groq,
klex,
snat,snot
brub,
drix,far
trin,unless
vrar,
klos,close (distance)
xmev,
bloq,
txup,
drat,
brez,
xrix,
grex,
smik,
vlug,
trim,
trop,octopus
xruv,
grax,
drul,
smup,
glug,
tres,
grek,
blag,
klus,
driz,
klin,
blok,
srif,
kyev,
vruz,
grab,
smuf,
brob,
fluk,
kyod,
xrit,
bluz,
brum,broom
vlix,
xlaf,
xriz,
trig,
xrib,
xmam,
vrad,
snal,
trid,
pral,
blid,
vreq,
truk,
glak,
srot,
plat,
kreg,
brim,
srag,
xlar,
flun,
kyop,
kroq,
gruf,
vrab,
gles,
preg,
kluf,
glom,
vlap,
prun,
brok,
kyad,
flek,
snol,snow
vred,
snip,
krem,
trip,
kyox,
truz,
vlab,
txad,
sniz,sneeze
snon,
xren,
gruq,too
sneq,
prer,pair
xrin,beneath
slef,
snaz,as
blog,via
gref,whether
frus,much
xmip,
vlox,
vlos,
glid,throughout
vran,
vlol,
vrug,about
xmut,
glad,
droz,during
glef,
plur,through
snin,
xrem,
blup,toward
xmad,
gloz,along
drar,
xrim,
grat,goat
praq,
vlun,
pler,
xrus,
fleb,
kliv,
tris,
sruq,
fruf,
braz,
snek,
kyaf,
trud,
fleq,
glog,
prex,
krax,
glen,
trog,
vrum,
xlod,
drom,
gluq,
pluv,
slan,
frul,
snid,
srut,
grig,
vrod,
smon,
vlef,
trak,
gror,
prat,
prom,
xrex,
frob,
glof,
vlux,
prop,
sluq,
slov,
snuk,
klot,
tram,
grir,
pren,
blar,
trom,
vlez,
xlen,
slaq,
xlan,
glik,
smop,
xmof,
snud,
gloq,
trax,
xres,
kyol,
drif,
xlem,
xlud,
xron,
vrub,
srol,
kliz,
freb,
snog,
xlob,
xmek,
sran,
kyos,
srem,
xlok,
drod,
vruv,
xmas,
klep,
drup,
krof,
glox,
ples,
trif,
fliv,
fled,
drig,
sluz,
brep,
brem,
vleg,
xruz,
pled,
txeq,
txol,
vlov,
krav,
kreb,
sliz,
plax,
vlog,
glaz,
priq,
traz,
srar,
txud,
vliz,
dreq,
krar,
blet,
xmul,
xmiz,
vlod,
vlul,
dron,
xmur,
tras,
glep,
prav,
grog,
flob,
sleg,
xram,
txoq,
pros,
frep,
smiv,
kyis,
tran,
kruf,
flem,flame
flox,
txuf,
xmol,ahead
gruz,
vral,
plup,
ploq,
drab,under
fraq,
prig,
floq,
krob,
krif,
sniv,
sroq,
drot,
srus,
plud,
friq,
sloz,
grid,
srek,
smof,
plon,
triv,
snis,
srav,
vrev,
tros,
plag,
krun,
trib,
drad,
prob,
xlub,
griv,
txob,
snep,
snot,
blot,
txod,
txix,
grob,
xmod,
sneg,
brom,
vret,
kyeq,
brul,
plog,
trof,
snux,
krol,
pret,
plim,
xred,
xlim,
sriq,
drip,
xlov,
fraz,
smes,
kyaq,
snaf,
kyof,
vloz,
plod,
gren,
snaq,
bres,
trux,
drog,
smeq,
klem,
bron,
slix,
klor,
snug,
xmun,
xlip,
blus,
druz,
flaq,
druv,
vlip,
smos,
xmon,
grix,
smob,
prab,
drum,
klit,
klob,
xrot,
brug,
xmiq,
drut,
glib,
kyan,
blor,
trox,
klub,
vliq,
blef,
blos,
drun,
xrup,
glos,
kluv,
vroq,
vras,
flap,
vrof,
krat,
trub,
gruk,
prox,
kyak,
sliv,
kleq,
srat,
gluz,
txon,
xmop,
bris,
kyon,
vrer,
xmob,
xmug,
xlat,
blak,block (stand in the way of)
grer,
vlot,
snez,
sruf,
smip,
pred,
kyax,
grot,
snuq,
xrol,
drit,
smuk,
xles,
vlad,
fris,
vlat,
smef,
xmor,
vlop,
slim,
txef,
snit,
grul,
xrof,
xrug,
vlaq,
txoz,
sred,
tref,
brop,
vrek,
klig,
glat,
krep,
plas,
kyug,
vrez,
xleg,
txug,
glin,
flop,
drud,
xrez,
txev,
grof,gopher
plub,
xluk,
flix,
frot,
drok,
txiv,
xrog,
grez,
vlin,
brus,
xrob,
klut,
vlen,
plok,
xrer,
sluk,
prin,
klur,
txox,
vlas,
vrix,
tror,
xlef,
smad,
xmig,
srex,
kyum,
xrax,
txul,
vluq,
txis,
bluv,
vlak,
dror,
vriq,
klox,
glur,
frum,
slur,
pruz,
trag,
xrab,
krib,
snox,
vrap,
trat,
snir,
grad,
gran,
kyun,
smib,
fros,
xriv,
txax,
glus,
blat,
xmer,
snuf,
smis,
pliq,
snum,
flan,
flin,
xlap,
grok,
snap,
frek,
smix,
snok,
vrid,
kyut,
kyim,
xmoz,
prib,
snib,
sner,
drop,
tred,trade
plet,plate
slol,
plox,
frif,
fruq,
vrom,
droq,
flib,
frev,
xrat,
sniq,
snod,
trep,
prik,
trob,
drox,
blep,
briv,beaver
srul,
frex,
vluf,
xliq,
plik,
flif,flea
slum,
flip,aphid
pres,
kyiz,
prug,
kraf,
vlum,
klop,antelope
flir,
slet,
flis,
xmog,
glir,
prit,
klul,
smov,
krex,
vrux,
drax,
vleb,
snax,
grap,
xlox,
drub,
plit,
kyir,
srof,
xmux,
txog,
krab,
txok,
frig,
snes,
plab,
kroz,
prap,
txum,
txib,
kyor,
snag,
triz,hippopotamus
fran,
srer,
xliz,
xmex,
smom,
kyem,
vrot,
xlex,
brip,
srok,
gras,grass
fres,
blix,grasshopper
txig,
kren,
vlet,
xlup,
vles,
flar,
srik,
frip,
prok,
txes,chase
vlub,
krod,
sruv,
frag,frog
klak,
bruk,
xrag,
trix,
smog,
kyar,
xrub,
xraf,
xlom,
sror,
slas,
kyuk,
kyez,
trez,
sruk,
xmuk,
krok,
plav,
vlep,
glab,
krin,
vrog,
brud,
xmuz,
trok,
slod,
srob,
glop,
plaz,
klaf,
prus,
kyiq,
flim,
fraf,
slen,
glaq,
blaf,
txin,
xlal,
trav,
xmox,
klir,
klom,
slab,
blol,
flal,
blas,
snex,
xrok,
drol,
slom,some
xleb,
klez,
kyag,
xroz,
xlav,
krop,
sron,
slar,
brup,
klum,
blom,
slox,
blek,
kram,
kreq,
glag,
vref,
xreq,
snop,
txak,
sres,
fluf,
smuz,
xrux,
driq,
xmav,
fliz,
klup,
vren,
xlit,
klok,
txez,
kyom,
gram,
prud,
grib,
xlis,
vron,
xmat,
kriv,
blex,
glif,
klaz,
vlar,
xroq,
snen,
brol,
xrar,
kriq,
brid,
slax,
kyer,
blig,
xmag,
vrun,
txim,white
kruk,
kluq,
frib,
xrom,
klog,
sned,
dros,
sles,
frar,
glon,
txop,
bler,
blir,
blez,
xran,
pruq,
frox,
plef,
prol,
srib,
blax,
xlur,
klax,
trum,
xlon,
pris,
kred,
klar,
dral,
xmes,
grux,
brik,
xlor,
trun,
slaz,
priv,previous
kyur,
kran,
vluv,
smum,
brof,
smav,
fluz,bee
prir,
krog,
smal,
xlut,
kraq,
smag,
frov,
kyin,
snav,
blop,
griz,
plib,
freg,
vraf,
frir,
txer,
flez,
vlik,
xrep,
smap,
pluk,
glem,
smux,
xlot,
drux,
fror,
klid,
plek,
xlum,
vres,
brab,
plex,
truv,
xrik,
prev,
bruf,
klim,
drap,
glar,
trer,
txir,
flor,
briz,
glul,
blan,
xraz,
vrut,
flen,
srak,
txor,
snef,
brux,
xliv,
tron,
kyig,
draf,
frab,
xmub,
xlif,
glix,
srep,
blen,
tren,
xlep,
brad,bird
ploz,close (open)
txur,
xmir,
vrop,
prup,up
klod,down
krup,
kros,
flom,black
slaf,
txik,
brod,
xlun,
xloq,
prum,
flef,often
xlas,
braq,bear
krik,cricket
xriq,
bret,
breq,
klik,
bref,
bruv,
prez,praise
smor,
slib,
pliz,
txuk,
txot,
vlut,
fruv,
plip,
plom,
sraf,
klug,
frax,
krap,
troq,
flex,
vrol,
bral,middle
prep,
drez,
vlof,
blof,
blab,
xmif,
plut,
plop,
smod,
plof,
grar,
snad,
blim,
xlaz,
xreg,
srop,
flug,
slul,
xluz,
plug,
flab,
priz,
srig,
klal,
flid,
slis,
srit,
drem,
bram,
frak,
smer,
slup,
smaz,
plun,
sreb,
flax,
xmom,
slos,
txag,
grem,
klux,
smiz,
plal,
vlur,
kloz,
vlup,
bleq,
vrig,
froq,
glap,
sris,
blob,
driv,
vlob,
txit,
grit,
frad,
kyal,
pras,
xmup,
snam,
xlux,
xluv,
kref,
snub,
kluz,
slun,
greq,
txeg,
slem,
freq,
vrib,
plux,
trit,
brut,
srev,
txuz,
krov,
trug,
truf,
kyip,
flet,
vrit,
plis,
slex,
glav,
blib,
greg,
xrop,
xmis,
xlog,
xmud,
txiq,
dram,
srez,
fral,
snus,
kyud,
blud,
truq,
flof,
xmez,
srox,
blaq,
klab,
snuz,
frol,
prog,
trov,
glot,
plaq,
sreg,
klis,
smen,
grop,
vluz,
flig,
xrev,
vlud,
vroz,
sleb,
drin,
srin,
druf,
txuq,
vlim,
flam,
drir,
krer,
xrif,
fras,
slor,
klek,
flaf,
blem,
xmal,
frog,
frin,
drep,
krev,
kloq,
glet,
trir,
txed,
drer,
brat,
frod,
smem,
blul,
prux,
drid,
grup,
frit,
krad,
slux,
frof,
smok,
plif,
blux,
slal,
vrup,
xruk,
prov,
vruf,
dras,
txif,
vros,
xmus,
trup,
xlam,
blur,
vlit,
drug,
snor,
vraz,
srov,
xlop,
grun,
krid,
xmeg,
grik,
txex,
xrud,
drak,
srub,
traq,
bruz,bruise
klol,
brox,
xmok,
slof,
plev,
krip,
glok,
vrok,
klan,
kyuv,
krot,
smul,
kyav,
smeg,
kyap,
preb,
treg,
smev,
dran,
xmin,
blut,
slob,
sras,for
from,from
sleq,
flub,
trex,
xrun,
klap,
graz,
xlus,
griq,
srog,
flus,
breg,
txuv,
xreb,
txof,
gluv,
grif,grief
txut,
kyat,
srix,
kyek,
sroz,
sman,
gler,
xluf,
slop,
vlaz,
sloq,
flod,
xmov,
vlom,
blal,
snur,
brev,
proq,
slek,
bras,
drek,
vlam,
slam,
prot,
trek,
pruv,
floz,
smez,
flon,buffalo
frid,
blub,
srom,
kles,
vlor,
snuv,
txus,
vleq,
xrad,
smub,
fruz,
pluq,
vluk,
bros,
blug,
kyuq,
klas,
xmim,
frap,
fred,
xrig,
kluk,
kleg,
dren,
dref,
glor,
brar,
druq,
sraq,
glal,
xlib,
pror,
txap,chop
frez,
frem,
glex,
srux,
vlal,
xrov,
frup,
vlex,
grim,
krig,
smab,
bred,
druk,
prim,
graf,
xmaq,
txat,
smeb,
xlix,
dret,
grip,
plan,
glam,
drov,
txal,
bluq,
smas,
bruq,
slez,
vrul,
snix,
plus,
smir,
snul,
vrob,
brun,
vliv,
gleg,
snup,
plul,
friz,freeze
frun,
smox,
kyid,
vreg,
frik,freak (scare)
slug,
xrod,
draz,
srad,
brek,break (into pieces)
glod,
frut,
grol,
slif,
snif,sniff
xlul,
bren,brain
glim,gleam
fleg,
smar,
vrag,
snom,
xmab,
grag,
xmiv,
pleq,
smus,
grak,
tral,
plen,plain (without frill)
klav,
txem,
blum,
pluf,
brer,
vruk,
fles,
smur,
blaz,
xled,
sref,
xloz,
grud,alligator
grut,
pref,
smot,
sluv,
klud,
glit,
vrif,
sler,
xror,
grox,
txen,
vrip,
glax,
graq,
smek,
snik,sneak (move without being noticed)
sram,
plap,
flik,
drag,
grov,
txov,
xrir,
xmot,
xros,
txar,char (burn to a crisp)
spid,spider
brib,
kyaz,
fram,
glip,
xmap,
klif,
brax,
flum,butterfly
klib,
glud,
klam,
smak,
plos,
bles,
klag,
txun,
plov,
klix,
sneb,
slag,
xlir,
krox,
kyex,
troz,
klun,
txav,
plol,
trol,
kyas,
krag,
sled,
smoq,
srap,
txam,
blev,
smat,
krez,
blif,belief
smuv,smooth
xlos,
fren,usual
xlig,
kyov,
klev,
brot,
kyen,
glun,
glas,glass
gred,
blis,
frub,
trul,
pliv,
brap,
prut,
blad,
slus,
gleb,
xlez,
srun,
snof,
grug,
prof,
bran,
blap,
glis,
krux,
gliz,
kraz,
krus,
xlad,
kyit,
pram,
gros,
krom,
fluv,
kyes,
flev,
xrul,
blod,
slot,
sreq,
sral,
vlus,
txan,
klen,
smig,
blox,
vloq,
gron,
xraq,
kyob,
klef,
kleb,
kron,
vrin,
smif,
txaq,
frok,
frer,
snos,
xmed,
glub,
glov,
smud,
gluf,
flut,
drus,
snun,
xlol,
dreg,
flup,
slev,
gliv,
smiq,
grev,
krul,
plad,
vrep,
xmen,
frav,
sraz,
klet,
dres,
xlek,
srud,
fref,
vlib,
brag,
vlok,
blip,
pleg,
xruq,
flot,
flux,
sliq,
krub,
prul,
fler,
dred,
trik,
snev,
flos,
xmet,
kyub,
drob,
smol,
xmem,
bled,
prix,
srim,
slik,
slon,
xmix,
swan,
swap,swap
star,star
