mineral,
abellaite,
abelsonite,
abernathyite,
abhurite,
abramovite,
abswurmbachite,
abuite,
acanthite,
acetamide,
achalaite,
achyrophanite,
acmonidesite,
actinolite,
acuminite,
adachiite,
adamite,
adanite,
addibischoffite,
adelite,
admontite,
adolfpateraite,
adranosite,
adrianite,
aegirine,
aenigmatite,
aerinite,
aerugite,
afghanite,
afmite,
afwillite,
agaite,
agardite,
agmantinite,
agrellite,
agricolaite,
agrinierite,
aguilarite,
aheylite,
ahlfeldite,
ahrensite,
aikinite,
aiolosite,
airdite,
ajoite,
akaogiite,
akatoreite,
akdalaite,
akhtenskite,
akimotoite,
aklimaite,
akopovaite,
akrochordite,
aksaite,
aktashite,
alabandite,
alamosite,
alarsite,
albertiniite,
albite,
albrechtschraufite,
alburnite,
alcantarillaite,
alcaparrosaite,
aldermanite,
aldomarinoite,
aldridgeite,
aleksandrovite,
aleksite,
aleutite,
alexkhomyakovite,
alexkuznetsovite,
alflarsenite,
alforsite,
alfredopetrovite,
alfredstelznerite,
algodonite,
alicewilsonite,
aliettite,
allabogdanite,
allactite,
allanite,
allanpringite,
allargentum,
alleghanyite,
allendeite,
allochalcoselite,
alloclasite,
allophane,
alloriite,
alluaivite,
alluaudite,
almandine,
almarudite,
almeidaite,
alpeite,
alpersite,
alstonite,
altaite,
alterite,
althausite,
althupite,
altisite,
alum,
aluminite,
aluminium,
aluminoceladonite,
aluminocopiapite,
aluminocoquimbite,
aluminomagnesiohulsite,
aluminopyracmonite,
aluminosugilite,
alumoedtollite,
alumohydrocalcite,
alumoklyuchevskite,
alumotantite,
alumovesuvianite,
alunite,
alunogen,
alvanite,
amakinite,
amamoorite,
amarantite,
amarillite,
amblygonite,
ambrinoite,
ameghinite,
amesite,
amicite,
aminoffite,
ammineite,
ammonioalunite,
ammonioborite,
ammoniojarosite,
ammoniolasalite,
ammonioleucite,
ammoniomagnesiovoltaite,
ammoniomathesiusite,
ammoniotinsleyite,
ammoniovoltaite,
ammoniozippeite,
amstallite,
analcime,
anandite,
anapaite,
anatase,
anatolyite,
ancylite,
andalusite,
andersonite,
andorite,
andradite,
andreadiniite,
andreyivanovite,
andrianovite,
anduoite,
andychristyite,
andymcdonaldite,
andyrobertsite,
angarfite,
angastonite,
angelellite,
anglesite,
anhydrite,
anhydrokainite,
anilite,
ankerite,
ankinovichite,
annabergite,
annite,
anorpiment,
anorthite,
anorthoclase,
anorthominasragrite,
ansermetite,
antarcticite,
anthoinite,
anthonyite,
anthophyllite,
antigorite,
antimonselite,
antimony,
antipinite,
antlerite,
antofagastaite,
anyuiite,
apachite,
apatite,
apexite,
aphthitalite,
apjohnite,
aplowite,
apuanite,
aqualite,
aradite,
aragonite,
arakiite,
aramayoite,
arangasite,
arapovite,
aravaipaite,
aravaite,
arcanite,
archerite,
arctite,
arcubisite,
ardaite,
ardealite,
ardennite,
arfvedsonite,
argandite,
argentobaumhauerite,
argentojarosite,
argentoliveingite,
argentopearceite,
argentopentlandite,
argentopyrite,
argentotetrahedrite,
argesite,
argutite,
argyrodite,
arhbarite,
ariegilatite,
arisite,
aristarainite,
armalcolite,
armangite,
armbrusterite,
armenite,
armstrongite,
arrojadite,
arsenatrotitanite,
arsenbrackebuschite,
arsendescloizite,
arsenic,
arseniopleite,
arseniosiderite,
arsenmarcobaldiite,
arsenmedaite,
arsenoclasite,
arsenocrandallite,
arsenoflorencite,
arsenogorceixite,
arsenogoyazite,
arsenohauchecornite,
arsenohopeite,
arsenolamprite,
arsenolite,
arsenopalladinite,
arsenopyrite,
arsenovanmeersscheite,
arsenowagnerite,
arsenquatrandorite,
arsentsumebite,
arsenudinaite,
arsenuranospathite,
arsenuranylite,
arsiccioite,
arsmirandite,
arthurite,
artinite,
artroeite,
artsmithite,
arupite,
arzakite,
arzrunite,
asbecasite,
asbolane,
aschamalmite,
ashburtonite,
ashoverite,
asimowite,
asisite,
aspedamite,
aspidolite,
asselbornite,
astrophyllite,
atacamite,
atelestite,
atencioite,
athabascaite,
atheneite,
atlasovite,
atokite,
attakolite,
attikaite,
aubertite,
auerbakhite,
augelite,
augite,
auriacusite,
aurichalcite,
auricupride,
aurihydrargyrumite,
aurivilliusite,
aurorite,
aurostibite,
austinite,
autunite,
avdeevite,
avdoninite,
averievite,
avicennite,
avogadrite,
awaruite,
axelite,
axinite,
azoproite,
azurite,
babefphite,
babingtonite,
babkinite,
backite,
badalovite,
baddeleyite,
badengzhuite,
bafertisite,
baghdadite,
bahariyaite,
bahianite,
baileychlore,
bairdite,
bakhchisaraitsevite,
baksanite,
balangeroite,
balestraite,
balipholite,
balkanite,
balliranoite,
balyakinite,
bambollaite,
bamfordite,
banalsite,
bandylite,
bannermanite,
bannisterite,
baotite,
barahonaite,
bararite,
baratovite,
barberiite,
barbosalite,
barentsite,
bariandite,
barikaite,
barioferrite,
barioperovskite,
bariopharmacoalumite,
bariosincosite,
barite,
bariumpharmacosiderite,
barlowite,
barnesite,
barquillite,
barrerite,
barringerite,
barringtonite,
barroisite,
barrotite,
barstowite,
bartelkeite,
bartonite,
barwoodite,
barylite,
barysilite,
baryte,
barytocalcite,
barytolamprophyllite,
bassanite,
bassetite,
bassoite,
batagayite,
batiferrite,
batisite,
batisivite,
baumhauerite,
baumoite,
baumstarkite,
bauranoite,
bavenite,
bavsiite,
bayerite,
bayldonite,
bayleyite,
baylissite,
bazhenovite,
bazirite,
bazzite,
bearsite,
bearthite,
beaverite,
bechererite,
beckettite,
becquerelite,
bederite,
beershevaite,
behoite,
beidellite,
belakovskiite,
belendorffite,
belkovite,
bellbergite,
bellidoite,
bellingerite,
belloite,
belogubite,
belomarinaite,
belousovite,
belovite,
belyankinite,
bementite,
benauite,
benavidesite,
bendadaite,
benitoite,
benjaminite,
benleonardite,
bennesherite,
benstonite,
bentorite,
benyacarite,
beraunite,
berborite,
berdesinskiite,
berezanskite,
bergenite,
bergslagite,
berlinite,
bermanite,
bernalite,
bernardite,
bernarlottiite,
berndtite,
berryite,
berthierine,
berthierite,
bertossaite,
bertrandite,
beryl,
beryllite,
beryllonite,
berzelianite,
berzeliite,
beshtauite,
betalomonosovite,
betekhtinite,
betpakdalite,
bettertonite,
betzite,
beudantite,
beusite,
beyerite,
bezsmertnovite,
biachellaite,
biagioniite,
bianchiniite,
bianchite,
bicapite,
bicchulite,
bideauxite,
bieberite,
biehlite,
bigcreekite,
bikitaite,
bilibinskite,
billietite,
billingsleyite,
billwiseite,
bimbowrieite,
bindheimite,
biphosphammite,
birchite,
biringuccite,
birnessite,
birunite,
bischofite,
bismite,
bismoclite,
bismuth,
bismuthinite,
bismutite,
bismutocolumbite,
bismutoferrite,
bismutohauchecornite,
bismutostibiconite,
bismutotantalite,
bitikleite,
bityite,
bixbyite,
bjarebyite,
blakeite,
blatonite,
blatterite,
bleasdaleite,
blixite,
blossite,
bluebellite,
bluelizardite,
bluestreakite,
bobcookite,
bobfergusonite,
bobfinchite,
bobierrite,
bobjonesite,
bobkingite,
bobmeyerite,
bobshannonite,
bobtraillite,
bodieite,
bogdanovite,
boggsite,
bohdanowiczite,
bohseite,
bohuslavite,
bojarite,
bokite,
boleite,
bolivarite,
boltwoodite,
bonaccordite,
bonacinaite,
bonattite,
bonazziite,
bonshtedtite,
boothite,
boracite,
boralsilite,
borax,
borcarite,
borisenkoite,
borishanskiite,
bornemanite,
bornhardtite,
bornite,
borocookeite,
borodaevite,
boromullite,
boromuscovite,
borovskite,
bortnikovite,
boscardinite,
bosiite,
bosoite,
bostwickite,
botallackite,
botryogen,
bottinoite,
botuobinskite,
bouazzerite,
boulangerite,
bournonite,
boussingaultite,
bowieite,
bowlesite,
boyleite,
braccoite,
bracewellite,
brackebuschite,
bradaczekite,
bradleyite,
braggite,
braithwaiteite,
branchite,
brandholzite,
brandtite,
brannerite,
brannockite,
brassite,
brattforsite,
braunerite,
braunite,
brazilianite,
bredigite,
breithauptite,
brendelite,
brenkite,
brewsterite,
breyite,
brezinaite,
brianite,
brianroulstonite,
brianyoungite,
briartite,
bridgmanite,
brindleyite,
brinrobertsite,
britholite,
britvinite,
brizziite,
brochantite,
brockite,
brodtkorbite,
bromargyrite,
bromellite,
brontesite,
brookite,
browneite,
brownleeite,
brownmillerite,
brucite,
brugnatellite,
brumadoite,
brunogeierite,
brushite,
bubnovaite,
buchwaldite,
buckhornite,
buddingtonite,
bukovite,
bulachite,
bulgakite,
bultfonteinite,
bunnoite,
bunsenite,
burangaite,
burbankite,
burckhardtite,
burgessite,
burkeite,
burnettite,
burnsite,
burpalite,
burroite,
burtite,
buryatite,
buseckite,
buserite,
bushmakinite,
bussenite,
bussyite,
bustamite,
butianite,
butlerite,
buttgenbachite,
bykovaite,
byrudite,
bystrite,
byzantievite,
cabalzarite,
cabriite,
cabvinite,
cacoxenite,
cadmium,
cadmoindite,
cadmoselite,
cadwaladerite,
caesiumpharmacosiderite,
cafarsite,
cafetite,
cahnite,
cairncrossite,
calamaite,
calaverite,
calciborite,
calcinaksite,
calcioancylite,
calcioandyrobertsite,
calcioaravaipaite,
calcioburbankite,
calciocatapleiite,
calciocopiapite,
calciodelrioite,
calcioferrite,
calciohatertite,
calciohilairite,
calciojohillerite,
calciolangbeinite,
calciomurmanite,
calciopetersite,
calciosamarskite,
calciotantite,
calciouranoite,
calcioursilite,
calcite,
calcjarlite,
calclacite,
calcurmolite,
calderite,
caledonite,
callaghanite,
calomel,
calumetite,
calvertite,
calzirtite,
camanchacaite,
camaronesite,
cameronite,
camgasite,
caminite,
campigliaite,
campostriniite,
canaphite,
canasite,
canavesite,
cancrinite,
cancrisilite,
canfieldite,
cannizzarite,
cannonite,
canosioite,
canutite,
caoxite,
capgaronnite,
capranicaite,
caracolite,
carboborite,
carbobystrite,
carbocernaite,
carboirite,
carbokentbrooksite,
carbonatecyanotrichite,
cardite,
carducciite,
caresite,
carletonite,
carletonmooreite,
carlfrancisite,
carlfriesite,
carlhintzeite,
carlinite,
carlosbarbosaite,
carlosruizite,
carlosturanite,
carlsbergite,
carlsonite,
carmeltazite,
carmichaelite,
carminite,
carnallite,
carnotite,
carobbiite,
carpathite,
carpholite,
carraraite,
carrboydite,
carrollite,
caryinite,
caryochroite,
caryopilite,
cascandite,
caseyite,
cassagnaite,
cassedanneite,
cassidyite,
cassiterite,
castellaroite,
caswellsilverite,
catalanoite,
catamarcaite,
catapleiite,
cattierite,
cattiite,
cavansite,
cavoite,
cebaite,
cebollite,
celadonite,
celestine,
celleriite,
celsian,
centennialite,
cerchiaraite,
cerium,
cerromojonite,
cerussite,
cervantite,
cervelleite,
cesanite,
cesbronite,
cesiodymite,
cesiokenopyrochlore,
cesplumtantite,
cetineite,
chabazite,
chadwickite,
chaidamuite,
chalcanthite,
chalcoalumite,
chalcocite,
chalcocyanite,
chalcomenite,
chalconatronite,
chalcophanite,
chalcophyllite,
chalcopyrite,
chalcosiderite,
chalcostibite,
chalcothallite,
challacolloite,
chambersite,
chamosite,
chanabayaite,
changbaiite,
changchengite,
changoite,
chantalite,
chaoite,
chapmanite,
charleshatchettite,
charlesite,
charmarite,
charoite,
chatkalite,
chayesite,
chegemite,
chekhovichite,
chelkarite,
chenevixite,
chengdeite,
chenguodaite,
chenite,
chenmingite,
cheralite,
cheremnykhite,
cherepanovite,
chernikovite,
chernykhite,
chervetite,
chesnokovite,
chessexite,
chesterite,
chestermanite,
chiavennite,
chibaite,
chihuahuaite,
childrenite,
chiluite,
chiolite,
chirvinskyite,
chistyakovaite,
chivruaiite,
chiyokoite,
chkalovite,
chladniite,
chloraluminite,
chlorapatite,
chlorargyrite,
chlorartinite,
chlorbartonite,
chlorellestadite,
chloritoid,
chlorkyuygenite,
chlormagaluminite,
chlormanganokalite,
chlormayenite,
chlorocalcite,
chloromagnesite,
chloromenite,
chlorophoenicite,
chlorothionite,
chloroxiphite,
choloalite,
chondrodite,
chongite,
chopinite,
chovanite,
chrisstanleyite,
christelite,
christite,
chromatite,
chrombismite,
chromceladonite,
chromferide,
chromite,
chromium,
chromphyllite,
chromschieffelinite,
chrysoberyl,
chrysocolla,
chrysothallite,
chrysotile,
chubarovite,
chudobaite,
chukanovite,
chukhrovite,
chukochenite,
chukotkaite,
chursinite,
chvaleticeite,
chvilevaite,
cianciulliite,
cinnabar,
ciprianiite,
ciriottiite,
cirrolite,
clairite,
claraite,
claringbullite,
clarkeite,
claudetite,
clausthalite,
clearcreekite,
clerite,
cleusonite,
cliffordite,
clinoatacamite,
clinobehoite,
clinobisvanite,
clinocervantite,
clinochalcomenite,
clinochlore,
clinoclase,
clinoenstatite,
clinoferrosilite,
clinohedrite,
clinohumite,
clinojimthompsonite,
clinokurchatovite,
clinometaborite,
clinophosinaite,
clinoptilolite,
clinosafflorite,
clinotobermorite,
clinoungemachite,
clinozoisite,
clintonite,
cloncurryite,
coalingite,
cobaltarthurite,
cobaltaustinite,
cobaltite,
cobaltkieserite,
cobaltkoritnigite,
cobaltlotharmeyerite,
cobaltomenite,
cobaltpentlandite,
cobalttsumcorite,
cobaltzippeite,
coccinite,
cochromite,
coconinoite,
coesite,
coffinite,
cohenite,
coiraite,
coldwellite,
colemanite,
colimaite,
colinowensite,
collinsite,
colomeraite,
coloradoite,
colquiriite,
columbite,
colusite,
comancheite,
combeite,
comblainite,
compreignacite,
congolite,
conichalcite,
connellite,
cookeite,
coombsite,
cooperite,
coparsite,
copiapite,
copper,
coquandite,
coquimbite,
coralloite,
corderoite,
cordierite,
cordylite,
corkite,
cornetite,
cornubite,
cornwallite,
coronadite,
coronene,
correianevesite,
corrensite,
cortesognoite,
corundum,
corvusite,
cosalite,
cossaite,
costibite,
cotunnite,
coulsonite,
cousinite,
coutinhoite,
covellite,
cowlesite,
coyoteite,
crandallite,
cranswickite,
crawfordite,
creaseyite,
crednerite,
creedite,
crerarite,
crichtonite,
criddleite,
crimsonite,
cristobalite,
crocobelonite,
crocoite,
cronstedtite,
cronusite,
crookesite,
crowningshieldite,
cryobostryxite,
cryolite,
cryolithionite,
cryptochalcite,
cryptohalite,
cryptomelane,
cryptophyllite,
cualstibite,
cuatrocapaite,
cubanite,
cuboargyrite,
cumengeite,
cummingtonite,
cupalite,
cuprite,
cuproauride,
cuprobismutite,
cuprocopiapite,
cuprodongchuanite,
cuproiridsite,
cuprokalininite,
cupromakopavonite,
cupromakovickyite,
cupromolybdite,
cuproneyite,
cupropavonite,
cupropearceite,
cupropolybasite,
cuprorhodsite,
cuprorivaite,
cuprosklodowskite,
cuprospinel,
cuprostibite,
cuprotungstite,
curetonite,
curienite,
curite,
currierite,
cuspidine,
cuyaite,
cuzticite,
cyanochroite,
cyanotrichite,
cylindrite,
cymrite,
cyprine,
cyrilovite,
czochralskiite,
dachiardite,
dadsonite,
dagenaisite,
dalinarite,
dalnegorskite,
dalnegroite,
dalyite,
damaraite,
damiaoite,
danalite,
danbaite,
danburite,
danielsite,
dantopaite,
daomanite,
darapiosite,
darapskite,
dargaite,
darrellhenryite,
dashkovaite,
datolite,
davanite,
davemaoite,
davidite,
davidlloydite,
davidsmithite,
davinciite,
davisite,
davreuxite,
davyne,
dawsonite,
deanesmithite,
debattistiite,
decagonite,
deerite,
defernite,
dekatriasartorite,
delafossite,
delhayelite,
deliensite,
delindeite,
dellagiustaite,
dellaite,
deloneite,
deloryite,
delrioite,
deltalumite,
delvauxite,
demagistrisite,
demartinite,
demesmaekerite,
demicheleite,
denisovite,
denningite,
depmeierite,
derbylite,
derriksite,
dervillite,
desautelsite,
descloizite,
despujolsite,
destinezite,
devilliersite,
devilline,
devitoite,
dewindtite,
dewitite,
diaboleite,
diadochite,
diamond,
diaoyudaoite,
diaphorite,
diaspore,
dickite,
dickthomssenite,
diegogattaite,
dienerite,
dietrichite,
dietzeite,
digenite,
dimorphite,
dinite,
diopside,
dioptase,
dioskouriite,
direnzoite,
dissakisite,
disulfodadsonite,
dittmarite,
dixenite,
djerfisherite,
djurleite,
dmisokolovite,
dmisteinbergite,
dmitryivanovite,
dobrovolskyite,
dokuchaevite,
dolerophanite,
dolomite,
doloresite,
domerockite,
domeykite,
donbassite,
dondoellite,
dongchuanite,
donharrisite,
donowensite,
donpeacorite,
donwilhelmsite,
dorallcharite,
dorfmanite,
dorrite,
douglasite,
dovyrenite,
downeyite,
doyleite,
dozyite,
dravertite,
dravite,
drechslerite,
dresserite,
dreyerite,
dritsite,
drobecite,
droninoite,
drugmanite,
drysdallite,
dualite,
duftite,
dugganite,
dukeite,
dumontite,
dumortierite,
dundasite,
durangite,
duranusite,
dusmatovite,
dussertite,
dutrowite,
duttonite,
dwornikite,
dymkovite,
dypingite,
dyscrasite,
dzhalindite,
dzharkenite,
dzhuluite,
eakerite,
earlandite,
earlshannonite,
eastonite,
ecandrewsite,
ecdemite,
eckerite,
eckermannite,
eckhardite,
eclarite,
eddavidite,
edenharterite,
edenite,
edgarbaileyite,
edgarite,
edgrewite,
edingtonite,
edoylerite,
edscottite,
edtollite,
edwardsite,
effenbergerite,
efremovite,
eggletonite,
eglestonite,
ehrleite,
eifelite,
eirikite,
eitelite,
ekanite,
ekaterinite,
ekatite,
ekebergite,
ekplexite,
elasmochloite,
elbaite,
elbrusite,
eldfellite,
eleomelanite,
elgoresyite,
eliopoulosite,
eliseevite,
ellenbergerite,
ellinaite,
ellingsenite,
ellisite,
elpasolite,
elpidite,
eltyubyuite,
elyite,
embreyite,
emeleusite,
emilite,
emmerichite,
emmonsite,
emplectite,
empressite,
enargite,
engelhauptite,
englishite,
enneasartorite,
enstatite,
eosphorite,
ephesite,
epididymite,
epidote,
epifanovite,
epistilbite,
epistolite,
epsomite,
erazoite,
ercitite,
erdite,
ericaite,
ericlaxmanite,
ericssonite,
erikapohlite,
erikjonssonite,
eringaite,
eriochalcite,
erionite,
erlianite,
erlichmanite,
ermakovite,
ernienickelite,
erniggliite,
ernstburkeite,
ernstite,
ershovite,
erssonite,
ertixiite,
erythrite,
erythrosiderite,
erzwiesite,
escheite,
eskebornite,
eskimoite,
eskolaite,
espadaite,
esperanzaite,
esperite,
esquireite,
esseneite,
ettringite,
eucairite,
euchlorine,
euchroite,
euclase,
eucryptite,
eudialyte,
eudidymite,
eugenite,
eugsterite,
eulytine,
eurekadumpite,
evansite,
evdokimovite,
eveite,
evenkite,
eveslogite,
evseevite,
ewaldite,
ewingite,
eylettersite,
eyselite,
ezcurrite,
eztlite,
fabianite,
faheyite,
fahleite,
fairbankite,
fairchildite,
fairfieldite,
faizievite,
falcondoite,
falgarite,
falkmanite,
falottaite,
falsterite,
famatinite,
fanfaniite,
fangite,
farneseite,
farringtonite,
fassinaite,
faujasite,
faustite,
favreauite,
fayalite,
fedorite,
fedorovskite,
fedotovite,
fehrite,
feiite,
feinglosite,
feitknechtite,
feklichevite,
felbertalite,
fenaksite,
fencooperite,
fengchengite,
feodosiyite,
ferberite,
ferchromide,
ferdowsiite,
fergusonite,
fergusonite,
ferhodsite,
fermiite,
fernandinite,
feroxyhyte,
ferraioloite,
ferrarisite,
ferriakasakaite,
ferriallanite,
ferribushmakinite,
ferricopiapite,
ferricoronadite,
ferrierite,
ferrihollandite,
ferrihydrite,
ferrilotharmeyerite,
ferrimolybdite,
ferrinatrite,
ferriprehnite,
ferripyrophyllite,
ferrirockbridgeite,
ferrisanidine,
ferrisepiolite,
ferrisicklerite,
ferristrunzite,
ferrisurite,
ferrisymplesite,
ferrivauxite,
ferroalluaudite,
ferroaluminoceladonite,
ferroberaunite,
ferrobobfergusonite,
ferrobustamite,
ferrocarpholite,
ferroceladonite,
ferrochiavennite,
ferroefremovite,
ferroericssonite,
ferrohexahydrite,
ferroindialite,
ferrokentbrooksite,
ferrokinoshitalite,
ferrolaueite,
ferromerrillite,
ferronickelplatinum,
ferronigerite,
ferronordite,
ferrorhodonite,
ferrorockbridgeite,
ferrorosemaryite,
ferrosaponite,
ferroselite,
ferrosilite,
ferroskutterudite,
ferrostalderite,
ferrostrunzite,
ferrotaaffeite,
ferrotitanowodginite,
ferrotochilinite,
ferrotychite,
ferrovalleriite,
ferrovorontsovite,
ferrowodginite,
ferrowyllieite,
ferruccite,
fersmanite,
fersmite,
feruvite,
fervanite,
fetiasite,
fettelite,
feynmanite,
fianelite,
fibroferrite,
fichtelite,
fiedlerite,
fiemmeite,
filatovite,
filipstadite,
fillowite,
finchite,
fingerite,
finnemanite,
fischesserite,
fivegite,
flaggite,
flagstaffite,
flamite,
fleetite,
fleischerite,
fleisstalite,
fletcherite,
flinkite,
flinteite,
florenskyite,
florensovite,
fluckite,
fluellite,
fluoborite,
fluocerite,
fluorannite,
fluorapatite,
fluorapophyllite,
fluorarrojadite,
fluorbarytolamprophyllite,
fluorbritholite,
fluorcalciobritholite,
fluorcalciomicrolite,
fluorcalciopyrochlore,
fluorcanasite,
fluorcaphite,
fluorcarletonite,
fluorchegemite,
fluorellestadite,
fluorite,
fluorkyuygenite,
fluorlamprophyllite,
fluorluanshiweiite,
fluormayenite,
fluornatrocoulsellite,
fluornatromicrolite,
fluornatropyrochlore,
fluorocronite,
fluorokinoshitalite,
fluorophlogopite,
fluorotetraferriphlogopite,
fluorowardite,
fluorphosphohedyphane,
fluorstrophite,
fluorvesuvianite,
fluorwavellite,
flurlite,
foggite,
foitite,
folvikite,
fontanite,
fontarnauite,
foordite,
footemineite,
formicaite,
fornacite,
forsterite,
foshagite,
fourmarierite,
fowlerite,
fraipontite,
francevillite,
franciscanite,
francisite,
franckeite,
francoanellite,
franconite,
frankamenite,
frankdicksonite,
frankhawthorneite,
franklinfurnaceite,
franklinite,
franklinphilite,
fransoletite,
franzinite,
freboldite,
fredrikssonite,
freedite,
freieslebenite,
freitalite,
fresnoite,
freudenbergite,
friedelite,
friedrichbeckeite,
friedrichite,
fritzscheite,
frohbergite,
frolovite,
frondelite,
froodite,
fuenzalidaite,
fuettererite,
fukalite,
fukuchilite,
fulbrightite,
furongite,
furutobeite,
gabrielite,
gabrielsonite,
gachingite,
gadolinite,
gagarinite,
gageite,
gahnite,
gaidonnayite,
gainesite,
gaitite,
gajardoite,
galaxite,
galeaclolusite,
galeite,
galena,
galenobismutite,
galileiite,
galkhaite,
galliskiite,
gallite,
gallobeudantite,
galloplumbogummite,
galuskinite,
gamagarite,
gananite,
ganomalite,
ganophyllite,
ganterite,
gaotaiite,
garavellite,
garmite,
garpenbergite,
garrelsite,
garronite,
gartrellite,
garutiite,
garyansellite,
gasparite,
gatedalite,
gatehouseite,
gatewayite,
gatumbaite,
gaudefroyite,
gaultite,
gauthierite,
gayite,
gaylussite,
gazeevite,
gearksutite,
gebhardite,
gedrite,
geerite,
geffroyite,
gehlenite,
geigerite,
geikielite,
gelosaite,
geminite,
gengenbachite,
genkinite,
genplesite,
genthelvite,
geocronite,
georgbarsanovite,
georgbokiite,
georgechaoite,
georgeite,
georgerobinsonite,
georgiadesite,
gerasimovskite,
gerdtremmelite,
gerhardtite,
germanite,
germanocolusite,
gersdorffite,
gerstleyite,
gerstmannite,
geschieberite,
getchellite,
geversite,
ghiaraite,
giacovazzoite,
gianellaite,
gibbsite,
giessenite,
giftgrubeite,
gilalite,
gillardite,
gillespite,
gillulyite,
gilmarite,
giniite,
ginorite,
giorgiosite,
girvasite,
gismondine,
gittinsite,
giuseppettite,
gjerdingenite,
gladite,
gladiusite,
gladkovskyite,
glagolevite,
glauberite,
glaucocerinite,
glaucochroite,
glaucodot,
glauconite,
glaucophane,
glaukosphaerite,
glikinite,
glushinskite,
gmalimite,
gmelinite,
gobbinsite,
gobelinite,
godlevskite,
godovikovite,
goedkenite,
goethite,
gold,
goldfieldite,
goldhillite,
goldichite,
goldmanite,
goldquarryite,
goldschmidtite,
golyshevite,
gonnardite,
gonyerite,
goosecreekite,
gorbunovite,
gorceixite,
gordaite,
gordonite,
gorerite,
gormanite,
gortdrumite,
goryainovite,
goslarite,
gottardiite,
gottlobite,
goudeyite,
gowerite,
goyazite,
graemite,
graeserite,
graftonite,
grammatikopoulosite,
grandaite,
grandidierite,
grandreefite,
grandviewite,
grantsite,
graphite,
gratonite,
grattarolaite,
graulichite,
gravegliaite,
grayite,
grechishchevite,
greenalite,
greenlizardite,
greenockite,
greenwoodite,
gregoryite,
greifensteinite,
greigite,
grenmarite,
grguricite,
griceite,
grigorievite,
grimaldiite,
grimmite,
grimselite,
griphite,
grischunite,
groatite,
grokhovskyite,
grootfonteinite,
grossite,
grossmanite,
grossular,
groutite,
grumantite,
grumiplucite,
grundmannite,
grunerite,
gruzdevite,
guanacoite,
guanajuatite,
guanine,
guarinoite,
gudmundite,
guettardite,
gugiaite,
guidottiite,
guildite,
guilleminite,
guite,
gunningite,
gunterite,
gupeiite,
gurimite,
gustavite,
guyanaite,
gwihabaite,
gypsum,
gyrolite,
â€‹ haapalaite
hafnon,
hagendorfite,
haggertyite,
hagstromite,
haidingerite,
haigerachite,
haineaultite,
haiweeite,
halamishite,
halilsarpite,
halite,
hallimondite,
halloysite,
halotrichite,
halurgite,
hambergite,
hammarite,
hanauerite,
hanawaltite,
hancockite,
hanjiangite,
hanksite,
hannayite,
hannebachite,
hansblockite,
hansesmarkite,
hapkeite,
haradaite,
hardystonite,
harkerite,
harmotome,
harmunite,
harrisonite,
harstigite,
hasanovite,
hashemite,
hastingsite,
hatchite,
hatertite,
hatrurite,
hauchecornite,
hauckite,
hauerite,
hausmannite,
hawleyite,
hawthorneite,
haxonite,
haycockite,
haydeeite,
haynesite,
hazenite,
heazlewoodite,
hechtsbergite,
hectorfloresite,
hectorite,
hedegaardite,
hedenbergite,
hedleyite,
hedyphane,
heftetjernite,
heideite,
heidornite,
heinrichite,
heisenbergite,
hejtmanite,
heklaite,
hellandite,
hellyerite,
helmutwinklerite,
helvine,
hematite,
hematolite,
hematophanite,
hemihedrite,
hemimorphite,
hemleyite,
hemloite,
hemusite,
hendekasartorite,
hendersonite,
hendricksite,
heneuite,
henmilite,
hennomartinite,
henritermierite,
henryite,
henrymeyerite,
hentschelite,
hephaistosite,
heptasartorite,
herbertsmithite,
hercynite,
herderite,
hereroite,
hermannjahnite,
hermannroseite,
herzenbergite,
hessite,
hetaerolite,
heterogenite,
heteromorphite,
heterosite,
heulandite,
hewettite,
hexacelsian,
hexaferrum,
hexahydrite,
hexahydroborite,
hexamolybdenum,
hexatestibiopanickelite,
heyerdahlite,
heyite,
hezuolinite,
hibbingite,
hibonite,
hidalgoite,
hielscherite,
hieratite,
hilairite,
hilarionite,
hilgardite,
hillebrandite,
hillesheimite,
hillite,
hingganite,
hinsdalite,
hiortdahlite,
hiroseite,
hisingerite,
hitachiite,
hjalmarite,
hocartite,
hochelagaite,
hodgesmithite,
hodgkinsonite,
hoelite,
hoganite,
hogarthite,
hohmannite,
holdawayite,
holdenite,
holfertite,
hollandite,
hollingworthite,
hollisterite,
holmquistite,
holtedahlite,
holtite,
holtstamite,
homilite,
honeaite,
honessite,
hongheite,
hongshiite,
honzaite,
hopeite,
horomanite,
hotsonite,
housleyite,
howardevansite,
howieite,
howlite,
hsianghualite,
huangite,
huanzalaite,
hubeite,
huemulite,
huenite,
hughesite,
hulsite,
humberstonite,
humboldtine,
humite,
hummerite,
hunchunite,
hungchaoite,
huntite,
hureaulite,
hurlbutite,
hutcheonite,
hutchinsonite,
huttonite,
hyalophane,
hyalotekite,
hydroastrophyllite,
hydrobasaluminite,
hydrobiotite,
hydroboracite,
hydrocalumite,
hydrocerussite,
hydrochlorborite,
hydrodelhayelite,
hydrodresserite,
hydroglauberite,
hydrohalite,
hydrohonessite,
hydrokenoelsmoreite,
hydrokenomicrolite,
hydrokenopyrochlore,
hydrokenoralstonite,
hydromagnesite,
hydrombobomkulite,
hydroniumjarosite,
hydroniumpharmacoalumite,
hydroniumpharmacosiderite,
hydropascoite,
hydroplumboelsmoreite,
hydropyrochlore,
hydroromarchite,
hydroscarbroite,
hydrotalcite,
hydroterskite,
hydrotungstite,
hydrowoodwardite,
hydroxyapophyllite,
hydroxycalciomicrolite,
hydroxycalciopyrochlore,
hydroxycancrinite,
hydroxykenoelsmoreite,
hydroxykenomicrolite,
hydroxykenopyrochlore,
hydroxylapatite,
hydroxylborite,
hydroxylchondrodite,
hydroxylclinohumite,
hydroxyledgrewite,
hydroxylellestadite,
hydroxylgugiaite,
hydroxylhedyphane,
hydroxylherderite,
hydroxylpyromorphite,
hydroxylwagnerite,
hydroxymanganopyrochlore,
hydroxynatropyrochlore,
hydroxyplumbopyrochlore,
hydrozincite,
hylbrownite,
hypercinnabar,
ianbruceite,
iangreyite,
ianthinite,
ice,
ichnusaite,
icosahedrite,
idaite,
idrialite,
ikaite,
ikranite,
ikunolite,
ilesite,
ilinskite,
ilirneyite,
ilmenite,
ilsemannite,
iltisite,
ilvaite,
ilyukhinite,
imandrite,
imayoshiite,
imhofite,
imiterite,
imogolite,
inaglyite,
incomsartorite,
inderborite,
inderite,
indialite,
indigirite,
indite,
indium,
inesite,
ingersonite,
ingodite,
innelite,
innsbruckite,
insizwaite,
intersilite,
inyoite,
iodargyrite,
iowaite,
iquiqueite,
iranite,
irarsite,
irhtemite,
iridarsenite,
iridium,
iriginite,
irinarassite,
iron,
irtyshite,
iseite,
ishiharaite,
ishikawaite,
isoclasite,
isocubanite,
isoferroplatinum,
isokite,
isolueshite,
isomertieite,
isovite,
isselite,
itelmenite,
itoigawaite,
itoite,
itsiite,
ivanyukite,
ivsite,
iwakiite,
iwateite,
ixiolite,
iyoite,
izoklakeite,
jacobsite,
jacquesdietrichite,
jacutingaite,
jadarite,
jadeite,
jaffeite,
jagoite,
jagowerite,
jahnsite,
jaipurite,
jakobssonite,
jalpaite,
jamborite,
jamesite,
jamesonite,
janchevite,
janggunite,
janhaugite,
jarandolite,
jarlite,
jarosewichite,
jarosite,
jasmundite,
jasonsmithite,
jasrouxite,
jaszczakite,
javorieite,
jeanbandyite,
jeankempite,
jedwabite,
jeffbenite,
jeffreyite,
jennite,
jensenite,
jentschite,
jeppeite,
jeremejevite,
jerrygibbsite,
jervisite,
jianshuiite,
jimboite,
jimthompsonite,
jingsuiite,
jinshajiangite,
joanneumite,
joegoldsteinite,
joesmithite,
johachidolite,
johanngeorgenstadtite,
johannite,
johannsenite,
johillerite,
johnbaumite,
johninnesite,
johnkoivulaite,
johnsomervilleite,
johntomaite,
johnwalkite,
joliotite,
jolliffeite,
jonassonite,
jonesite,
joosteite,
jordanite,
jordisite,
joteite,
jouravskite,
juabite,
juangodoyite,
juanitaite,
juanite,
juansilvaite,
julgoldite,
julienite,
jungite,
junitoite,
junoite,
juonniite,
jurbanite,
jusite,
kaatialaite,
kadyrelite,
kaersutite,
kahlenbergite,
kahlerite,
kainite,
kainotropite,
kaitianite,
kalborsite,
kalgoorlieite,
kaliborite,
kalicinite,
kalifersite,
kalininite,
kalinite,
kaliochalcite,
kaliophilite,
kalistrontite,
kalithallite,
kalsilite,
kalungaite,
kamaishilite,
kamarizaite,
kambaldaite,
kamchatkite,
kamenevite,
kamiokite,
kamitugaite,
kampelite,
kampfite,
kanemite,
kangite,
kangjinlaite,
kannanite,
kanoite,
kanonaite,
kanonerovite,
kaolinite,
kapellasite,
kapundaite,
kapustinite,
karasugite,
karchevskyite,
karelianite,
karenwebberite,
karibibite,
karlditmarite,
karlite,
karpenkoite,
karpinskite,
karpovite,
kasatkinite,
kashinite,
kaskasite,
kasolite,
kassite,
kastningite,
katayamalite,
katerinopoulosite,
katiarsite,
katoite,
katophorite,
katoptrite,
katsarosite,
kawazulite,
kayrobertsonite,
kazakhstanite,
kazakovite,
kazanskyite,
kaznakhtite,
keckite,
kegelite,
kegginite,
keilite,
keithconnite,
keiviite,
keldyshite,
kellyite,
kelyanite,
kemmlitzite,
kempite,
kenhsuite,
kenngottite,
kenoargentotetrahedrite,
kenoplumbomicrolite,
kenotobermorite,
kentbrooksite,
kentrolite,
kenyaite,
keplerite,
kerimasite,
kermesite,
kernite,
kernowite,
kettnerite,
keutschite,
keyite,
keystoneite,
khademite,
khaidarkanite,
khamrabaevite,
khanneshite,
kharaelakhite,
khatyrkite,
khesinite,
khibinskite,
khinite,
khmaralite,
khomyakovite,
khorixasite,
khrenovite,
khurayyimite,
khvorovite,
kiddcreekite,
kidwellite,
kieftite,
kieserite,
kilchoanite,
killalaite,
kimrobinsonite,
kimzeyite,
kingite,
kingsgateite,
kingsmountite,
kingstonite,
kinichilite,
kinoite,
kinoshitalite,
kintoreite,
kipushite,
kircherite,
kirchhoffite,
kirkiite,
kirschsteinite,
kiryuite,
kishonite,
kitagohaite,
kitkaite,
kittatinnyite,
kladnoite,
klajite,
klaprothite,
klebelsbergite,
kleberite,
kleemanite,
kleinite,
klockmannite,
klyuchevskite,
knasibfite,
knorringite,
koashvite,
kobellite,
kobokoboite,
kobyashevite,
kochite,
kochkarite,
kodamaite,
koechlinite,
koenenite,
kogarkoite,
kojonenite,
kokchetavite,
kokinosite,
koksharovite,
koktaite,
kolarite,
kolbeckite,
kolfanite,
kolicite,
kolitschite,
kollerite,
kolovratite,
kolskyite,
kolwezite,
kolymite,
komarovite,
kombatite,
komkovite,
konderite,
koninckite,
kononovite,
konyaite,
koragoite,
koritnigite,
kornelite,
kornerupine,
korobitsynite,
korshunovskite,
koryakite,
korzhinskite,
kosmochlor,
kosnarite,
kostovite,
kostylevite,
kotoite,
kottenheimite,
kotulskite,
koutekite,
kovdorskite,
kozoite,
kozyrevskite,
kraisslite,
krasheninnikovite,
krasnoshteinite,
krasnovite,
krausite,
krauskopfite,
krautite,
kravtsovite,
kreiterite,
kremersite,
krennerite,
krettnichite,
kribergite,
krieselite,
krinovite,
kristiansenite,
krivovichevite,
krotite,
kroupaite,
kruijenite,
krupkaite,
krutovite,
kryachkoite,
kryzhanovskite,
ktenasite,
kudriavite,
kudryavtsevaite,
kufahrite,
kukharenkoite,
kukisvumite,
kuksite,
kulanite,
kuliginite,
kulkeite,
kullerudite,
kumdykolite,
kummerite,
kumtyubeite,
kunatite,
kupletskite,
kuramite,
kuranakhite,
kuratite,
kurchatovite,
kurgantaite,
kurilite,
kurnakovite,
kurumsakite,
kusachiite,
kushiroite,
kutinaite,
kutnohorite,
kuvaevite,
kuzelite,
kuzmenkoite,
kuzminite,
kuznetsovite,
kvanefjeldite,
kyanite,
kyanoxalite,
kyawthuite,
kyrgyzstanite,
kyzylkumite,
laachite,
labuntsovite,
labyrinthite,
lacroixite,
laffittite,
laflammeite,
lafossaite,
lagalyite,
lahnsteinite,
laihunite,
laitakarite,
lakargiite,
lakebogaite,
lalondeite,
lammerite,
lamprophyllite,
lanarkite,
landauite,
landesite,
langbeinite,
langhofite,
langisite,
langite,
lanmuchangite,
lannonite,
lansfordite,
lanthanite,
lapeyreite,
laphamite,
lapieite,
larderellite,
larisaite,
larnite,
larosite,
larsenite,
lasalite,
lasnierite,
latiumite,
latrappite,
laueite,
laumontite,
launayite,
lauraniite,
laurelite,
laurentianite,
laurentthomasite,
laurionite,
laurite,
lausenite,
lautarite,
lautenthalite,
lautite,
lavendulan,
laverovite,
lavinskyite,
lavoisierite,
lavrentievite,
lawrencite,
lawsonbauerite,
lawsonite,
lazaraskeite,
lazarenkoite,
lazaridisite,
lazulite,
lazurite,
lead,
leadamalgam,
leadhillite,
lechatelierite,
lecontite,
leesite,
lefontite,
legrandite,
leguernite,
lehmannite,
lehnerite,
leifite,
leightonite,
leisingite,
leiteite,
lemanskiite,
lemmleinite,
lemoynite,
lenaite,
lengenbachite,
leningradite,
lennilenapeite,
lenoblite,
leogangite,
leonardsenite,
leonite,
leoszilardite,
lepageite,
lepidocrocite,
lepidolite,
lermontovite,
letovicite,
leucite,
leucophanite,
leucophoenicite,
leucophosphite,
leucosphenite,
leucostaurite,
levantite,
leverettite,
leydetite,
liandratite,
liberite,
libethenite,
liddicoatite,
liebauite,
liebenbergite,
liebermannite,
liebigite,
liguowuite,
likasite,
lileyite,
lillianite,
lime,
limousinite,
linarite,
lindackerite,
lindbergite,
lindgrenite,
lindqvistite,
lindsleyite,
lingbaoite,
lingunite,
linnaeite,
lintisite,
linzhiite,
liottite,
lipscombite,
lipuite,
liraite,
liroconite,
lisanite,
lisetite,
lishizhenite,
lisiguangite,
lisitsynite,
liskeardite,
lislkirchnerite,
litharge,
lithiomarsturite,
lithiophilite,
lithiophorite,
lithiophosphate,
lithiotantite,
lithiowodginite,
lithosite,
litidionite,
litochlebite,
litvinskite,
liudongshengite,
liuite,
liveingite,
liversidgeite,
livingstonite,
lizardite,
llantenesite,
lobanovite,
lombardoite,
lomonosovite,
londonite,
lonecreekite,
lonsdaleite,
lopatkaite,
lorenzenite,
loseyite,
lotharmeyerite,
loudounite,
loughlinite,
lourenswalsite,
lovdarite,
loveringite,
lovozerite,
luanheite,
luanshiweiite,
luberoite,
lucabindiite,
lucchesiite,
luddenite,
ludjibaite,
ludlamite,
ludlockite,
ludwigite,
lueshite,
luetheite,
lukkulaisvaaraite,
lukrahnite,
lulzacite,
lumsdenite,
lunijianlaite,
luobusaite,
luogufengite,
lussierite,
luxembourgite,
luzonite,
lyonsite,
macaulayite,
macdonaldite,
macedonite,
macfallite,
machatschkiite,
machiite,
mackayite,
mackinawite,
macphersonite,
macquartite,
madocite,
magadiite,
magbasite,
maghagendorfite,
maghemite,
maghrebite,
magnanelliite,
magnesioalterite,
magnesioaubertite,
magnesiobermanite,
magnesiocanutite,
magnesiocarpholite,
magnesiochloritoid,
magnesiochlorophoenicite,
magnesiochromite,
magnesiocopiapite,
magnesiocoulsonite,
magnesiodumortierite,
magnesioferrite,
magnesiofluckite,
magnesiofoitite,
magnesiohatertite,
magnesiohulsite,
magnesiokoritnigite,
magnesioleydetite,
magnesioneptunite,
magnesionigerite,
magnesiopascoite,
magnesiostaurolite,
magnesiotaaffeite,
magnesiovesuvianite,
magnesiovoltaite,
magnesiozippeite,
magnesite,
magnetite,
magnetoplumbite,
magnioursilite,
magnolite,
magnussonite,
mahnertite,
maikainite,
majakite,
majindeite,
majorite,
majzlanite,
makarochkinite,
makatite,
makotoite,
makovickyite,
malachite,
malanite,
malayaite,
maldonite,
maleevite,
maletoyvayamite,
malhmoodite,
malinkoite,
malladrite,
mallardite,
mallestigite,
malyshevite,
mambertiite,
mammothite,
manaksite,
manandonite,
mandarinoite,
maneckiite,
manganarsite,
manganbabingtonite,
manganbelyankinite,
manganberzeliite,
manganese,
manganflurlite,
mangangordonite,
manganhumite,
manganiandrosite,
manganiceladonite,
manganilvaite,
manganite,
manganlotharmeyerite,
manganobadalovite,
manganochromite,
manganoeudialyte,
manganokaskasite,
manganokhomyakovite,
manganokukisvumite,
manganolangbeinite,
manganonaujakasite,
manganoneptunite,
manganoquadratite,
manganosegelerite,
manganoshadlunite,
manganosite,
manganostibite,
manganotychite,
manganvesuvianite,
mangazeite,
manitobaite,
manjiroite,
mannardite,
mansfieldite,
mantienneite,
maohokite,
mapimite,
mapiquiroite,
marathonite,
marcasite,
marchettiite,
marcobaldiite,
margaritasite,
margarite,
margarosanite,
marialite,
maricopaite,
mariinskite,
marinaite,
marinellite,
markascherite,
markcooperite,
markeyite,
markhininite,
marklite,
marokite,
marrite,
marrucciite,
marshite,
marsturite,
marthozite,
martinandresite,
martinite,
martyite,
marumoite,
maruyamaite,
mascagnite,
maslovite,
massicot,
masutomilite,
masuyite,
mathesiusite,
mathewrogersite,
mathiasite,
matildite,
matioliite,
matlockite,
matsubaraite,
mattagamite,
matteuccite,
mattheddleite,
matulaite,
matyhite,
maucherite,
mauriziodiniite,
mavlyanovite,
mawbyite,
mawsonite,
maxwellite,
mayingite,
mazzettiite,
mazzite,
mbobomkulite,
mcallisterite,
mcalpineite,
mcauslanite,
mcbirneyite,
mcconnellite,
mccrillisite,
mcgillite,
mcgovernite,
mcguinnessite,
mckinstryite,
mcnearite,
medaite,
medenbachite,
meerschautite,
megacyclite,
megakalsilite,
megawite,
meieranite,
meierite,
meifuite,
meionite,
meisserite,
meitnerite,
meixnerite,
mejillonesite,
melanarsite,
melanophlogite,
melanostibite,
melanotekite,
melanothallite,
melanovanadite,
melansonite,
melanterite,
melcherite,
meliphanite,
melkovite,
melliniite,
mellite,
mellizinkalite,
melonite,
menchettiite,
mendeleevite,
mendigite,
mendipite,
mendozavilite,
mendozite,
meneghinite,
menezesite,
mengeite,
mengxianminite,
meniaylovite,
menshikovite,
mercallite,
mercury,
mereheadite,
mereiterite,
merelaniite,
merenskyite,
meridianiite,
merlinoite,
merrihueite,
merrillite,
mertieite,
merwinite,
mesaite,
mesolite,
messelite,
metaborite,
metacalciouranoite,
metacinnabar,
metadelrioite,
metahaiweeite,
metaheinrichite,
metahewettite,
metahohmannite,
metakahlerite,
metakirchheimerite,
metamunirite,
metanatroautunite,
metarauchite,
metarossite,
metaschoderite,
metaschoepite,
metasideronatrite,
metastibnite,
metastudtite,
metaswitzerite,
metatamboite,
metatorbernite,
metatyuyamunite,
metauramphite,
metauranopilite,
metauranospinite,
metauroxite,
metavandendriesscheite,
metavanmeersscheite,
metavanuralite,
metavariscite,
metavauxite,
metavivianite,
metavoltine,
metazellerite,
metazeunerite,
meurigite,
meyerhofferite,
meymacite,
meyrowitzite,
mgriite,
mianningite,
miargyrite,
miassite,
michalskiite,
micheelsenite,
michenerite,
microcline,
microsommite,
middendorfite,
middlebackite,
miersite,
miessiite,
miguelromeroite,
miharaite,
mikasaite,
mikehowardite,
milanriederite,
milarite,
milkovoite,
millerite,
millisite,
millosevichite,
millsite,
milotaite,
mimetite,
minakawaite,
minasragrite,
minehillite,
minguzzite,
minium,
minjiangite,
minnesotaite,
minohlite,
minrecordite,
minyulite,
mirabilite,
mirnyite,
misakiite,
misenite,
miserite,
mitridatite,
mitrofanovite,
mitryaevaite,
mitscherlichite,
mixite,
miyahisaite,
moabite,
moctezumite,
modderite,
mogovidite,
mohite,
mohrite,
moissanite,
mojaveite,
molinelloite,
moluranite,
molybdenite,
molybdite,
molybdofornacite,
molybdomenite,
molybdophyllite,
molysite,
momoiite,
monazite,
moncheite,
monchetundraite,
monetite,
mongolite,
monimolite,
monipite,
monohydrocalcite,
montanite,
montbrayite,
montdorite,
montebrasite,
monteneveite,
monteponite,
montesommaite,
montetrisaite,
montgomeryite,
monticellite,
montmorillonite,
montroseite,
montroyalite,
montroydite,
mooihoekite,
moolooite,
mooreite,
moorhouseite,
mopungite,
moraesite,
moraskoite,
mordenite,
moreauite,
morelandite,
morenosite,
morimotoite,
morinite,
morozeviczite,
morrisonite,
moschelite,
moschellandsbergite,
mosesite,
mottramite,
motukoreaite,
mounanaite,
mountainite,
mountkeithite,
mourite,
moxuanxueite,
mozartite,
mozgovaite,
mpororoite,
mroseite,
muirite,
mukhinite,
mullite,
mummeite,
munakataite,
mundite,
mundrabillaite,
munirite,
murakamiite,
murashkoite,
murchisite,
murdochite,
murmanite,
murunskite,
muscovite,
museumite,
mushistonite,
muskoxite,
muthmannite,
mutinaite,
mutnovskite,
nabalamprophyllite,
nabaphite,
nabateaite,
nabesite,
nabiasite,
nabimusaite,
nabokoite,
nacaphite,
nacrite,
nadorite,
nafertisite,
nagashimalite,
nagelschmidtite,
nahcolite,
nahpoite,
nakauriite,
nakkaalaaqite,
naldrettite,
nalipoite,
nalivkinite,
namansilite,
nambulite,
namibite,
namuwite,
nanlingite,
nanpingite,
nantokite,
naquite,
narsarsukite,
nashite,
nasinite,
nasledovite,
nasonite,
nastrophite,
nataliakulikite,
nataliyamalikite,
natalyite,
natanite,
natisite,
natrite,
natroalunite,
natroaphthitalite,
natroboltwoodite,
natrochalcite,
natroglaucocerinite,
natrojarosite,
natrokomarovite,
natrolemoynite,
natrolite,
natromarkeyite,
natron,
natronambulite,
natroniobite,
natropalermoite,
natropharmacoalumite,
natropharmacosiderite,
natrophilite,
natrophosphate,
natrosilite,
natrosulfatourea,
natrotantite,
natrotitanite,
natrouranospinite,
natrowalentaite,
natroxalate,
natrozippeite,
naujakasite,
naumannite,
navajoite,
navrotskyite,
nazarovite,
nchwaningite,
nealite,
nechelyustovite,
nefedovite,
negevite,
neighborite,
nekoite,
nekrasovite,
nelenite,
neltnerite,
nenadkevichite,
neotocite,
nepheline,
nepskoeite,
neptunite,
nesquehonite,
nestolaite,
nevadaite,
nevskite,
newberyite,
neyite,
niahite,
niasite,
nichromite,
nickel,
nickelalumite,
nickelaustinite,
nickelbischofite,
nickelboussingaultite,
nickelhexahydrite,
nickeline,
nickellotharmeyerite,
nickelphosphide,
nickelpicromerite,
nickelschneebergite,
nickelskutterudite,
nickeltalmessite,
nickeltsumcorite,
nickeltyrrellite,
nickelzippeite,
nickenichite,
nickolayite,
nicksobolevite,
niedermayrite,
nielsbohrite,
nielsenite,
nierite,
nifontovite,
niggliite,
niigataite,
nikischerite,
nikmelnikovite,
niksergievite,
nimite,
ningyoite,
niningerite,
nioboaeschynite,
niobocarbide,
nioboheftetjernite,
nioboholtite,
niobokupletskite,
niobophyllite,
niocalite,
nipalarsite,
nisbite,
nishanbaevite,
nisnite,
nissonite,
niter,
nitratine,
nitrobarite,
nitrocalcite,
nitromagnesite,
nitroplumbite,
nitscheite,
niveolanite,
nixonite,
nizamoffite,
nobleite,
noelbensonite,
nolanite,
nollmotzite,
nolzeite,
nontronite,
noonkanbahite,
norbergite,
nordgauite,
nordite,
nordstrandite,
norilskite,
normandite,
norrishite,
norsethite,
northstarite,
northupite,
nosean,
novgorodovaite,
novodneprite,
novograblenovite,
nowackiite,
nsutite,
nuffieldite,
nukundamite,
nullaginite,
numanoite,
nuragheite,
nuwaite,
nyboite,
nyerereite,
nyholmite,
oberwolfachite,
oboyerite,
obradovicite,
odigitriaite,
odikhinchaite,
odinite,
odintsovite,
oenite,
offretite,
oftedalite,
ogdensburgite,
ognitite,
ohmilite,
ojuelaite,
okayamalite,
okenite,
okhotskite,
okieite,
okruschite,
oldhamite,
olekminskite,
olenite,
olgite,
olivenite,
olkhonskite,
olmiite,
olmsteadite,
olsacherite,
olshanskyite,
olympite,
omariniite,
omeiite,
ominelite,
omongwaite,
omphacite,
omsite,
oneillite,
onoratoite,
oosterboschite,
opal,
ophirite,
oppenheimerite,
orcelite,
oregonite,
oreillyite,
organovaite,
orickite,
orientite,
orlandiite,
orlovite,
orlymanite,
orpiment,
orschallite,
orthobrannerite,
orthoclase,
orthocuproplatinum,
orthojoaquinite,
orthominasragrite,
orthopinakiolite,
orthoserpierite,
orthowalpurgite,
osakaite,
osarizawaite,
osarsite,
osbornite,
oscarkempffite,
oskarssonite,
osmium,
osumilite,
oswaldpeetersite,
otavite,
otjisumeite,
ottemannite,
ottensite,
ottohahnite,
ottoite,
otwayite,
oulankaite,
ourayite,
oursinite,
ovamboite,
overite,
owensite,
owyheeite,
oxammite,
oxybismutomicrolite,
oxycalciomicrolite,
oxycalciopyrochlore,
oxykinoshitalite,
oxynatromicrolite,
oxyphlogopite,
oxystannomicrolite,
oxystibiomicrolite,
oxyvanite,
oyelite,
oyonite,
ozernovskite,
ozerovaite,
paarite,
pabstite,
paceite,
pachnolite,
packratite,
paddlewheelite,
padmaite,
paganoite,
pahasapaite,
painite,
pakhomovskyite,
palarstanide,
palenzonaite,
palermoite,
palladinite,
palladium,
palladoarsenide,
palladobismutharsenide,
palladodymite,
palladogermanide,
palladosilicide,
palladothallite,
palladseite,
palmierite,
palygorskite,
pampaloite,
panasqueiraite,
pandoraite,
panethite,
panguite,
panichiite,
panskyite,
pansnerite,
panunzite,
paolovite,
papagoite,
paqueite,
paraberzeliite,
parabrandtite,
parabutlerite,
paracoquimbite,
paracostibite,
paradamite,
paradocrasite,
paraershovite,
parafiniukite,
parafransoletite,
parageorgbokiite,
paragonite,
paraguanajuatite,
parahibbingite,
parahopeite,
parakeldyshite,
paralaurionite,
paralstonite,
paramarkeyite,
paramelaconite,
paramendozavilite,
paramontroseite,
paranatisite,
paranatrolite,
paraotwayite,
parapierrotite,
pararaisaite,
pararammelsbergite,
pararealgar,
pararobertsite,
pararsenolamprite,
parascandolaite,
paraschachnerite,
paraschoepite,
parascholzite,
parascorodite,
parasibirskite,
parasterryite,
parasymplesite,
paratacamite,
paratellurite,
paratimroseite,
paratobermorite,
paratsepinite,
paraumbite,
paravauxite,
paravinogradovite,
parawulffite,
pargasite,
parisite,
parkerite,
parkinsonite,
parnauite,
parsettensite,
parsonsite,
parwanite,
parwelite,
pascoite,
paseroite,
pattersonite,
patynite,
pauflerite,
pauladamsite,
paulingite,
paulkellerite,
paulkerrite,
paulmooreite,
pauloabibite,
paulscherrerite,
pautovite,
pavlovskyite,
pavonite,
paxite,
pearceite,
pecoraite,
pectolite,
peisleyite,
pekoite,
pekovite,
pellouxite,
pellyite,
penberthycroftite,
penfieldite,
penikisite,
penkvilksite,
pennantite,
penobsquisite,
penroseite,
pentagonite,
pentahydrite,
pentahydroborite,
pentlandite,
penzhinite,
percleveite,
peretaite,
perhamite,
periclase,
perite,
perlialite,
perloffite,
permingeatite,
perovskite,
perraultite,
perrierite,
perroudite,
perryite,
pertlikite,
pertsevite,
petalite,
petarasite,
petedunnite,
peterandresenite,
peterbaylissite,
petersite,
petewilliamsite,
petitjeanite,
petrovicite,
petrovite,
petrovskaite,
petrukite,
petscheckite,
petterdite,
petzite,
pezzottaite,
pharmacoalumite,
pharmacolite,
pharmacosiderite,
pharmazincite,
phaunouxite,
phenakite,
philipsbornite,
philipsburgite,
phillipsite,
philolithite,
philoxenite,
philrothite,
phlogopite,
phoenicochroite,
phosgenite,
phosphammite,
phosphocyclite,
phosphoellenbergerite,
phosphoferrite,
phosphofibrite,
phosphogartrellite,
phosphohedyphane,
phosphoinnelite,
phosphophyllite,
phosphosiderite,
phosphovanadylite,
phosphowalpurgite,
phosphuranylite,
phoxite,
phuralumite,
phurcalite,
phylloretine,
phyllotungstite,
picaite,
piccoliite,
pickeringite,
picotpaulite,
picromerite,
picropharmacolite,
pieczkaite,
piemontite,
pierrotite,
pigeonite,
pigotite,
pillaite,
pilsenite,
pinakiolite,
pinalite,
pinchite,
pingguite,
pinnoite,
pintadoite,
piretite,
pirquitasite,
pirssonite,
pitiglianoite,
pitticite,
pittongite,
piypite,
pizgrischite,
plagionite,
plancheite,
planerite,
platarsite,
platinum,
plattnerite,
plavnoite,
playfairite,
plimerite,
pliniusite,
plumboagardite,
plumboferrite,
plumbogummite,
plumbojarosite,
plumbonacrite,
plumbopalladinite,
plumboperloffite,
plumbopharmacosiderite,
plumbophyllite,
plumboselite,
plumbotellurite,
plumbotsumite,
plumosite,
podlesnoite,
poirierite,
poitevinite,
pokhodyashinite,
pokrovskite,
polarite,
poldervaartite,
polekhovskyite,
polhemusite,
polkanovite,
polkovicite,
polloneite,
pollucite,
polyarsite,
polybasite,
polydymite,
polyhalite,
polylithionite,
polyphite,
pomite,
ponomarevite,
popovite,
poppiite,
popugaevaite,
portlandite,
posnjakite,
postite,
potarite,
potassiccarpholite,
pottsite,
poubaite,
poudretteite,
poughite,
povondraite,
powellite,
poyarkovite,
pradetite,
prehnite,
preisingerite,
preiswerkite,
preobrazhenskite,
pretulite,
prewittite,
priceite,
priderite,
princivalleite,
pringleite,
prismatine,
probertite,
prosopite,
prosperite,
protasite,
protocaseyite,
protoenstatite,
proudite,
proustite,
proxidecagonite,
przhevalskite,
pseudoboleite,
pseudobrookite,
pseudocotunnite,
pseudodickthomssenite,
pseudograndreefite,
pseudojohannite,
pseudolaueite,
pseudolyonsite,
pseudomalachite,
pseudomarkeyite,
pseudopomite,
pseudorutile,
pseudosinhalite,
pseudowollastonite,
pucherite,
pumpellyite,
puninite,
punkaruaivite,
purpurite,
pushcharovskite,
putnisite,
putoranite,
putzite,
pyracmonite,
pyradoketosite,
pyrargyrite,
pyrite,
pyroaurite,
pyrobelonite,
pyrochroite,
pyrolusite,
pyromorphite,
pyrope,
pyrophanite,
pyrophyllite,
pyrosmalite,
pyrostilpnite,
pyroxferroite,
pyroxmangite,
pyrrhotite,
qandilite,
qatranaite,
qeltite,
qilianshanite,
qingheiite,
qingsongite,
qitianlingite,
quadratite,
quadridavyne,
quadruphite,
quartz,
queitite,
quenselite,
quenstedtite,
quetzalcoatlite,
quijarroite,
quintinite,
qusongite,
raadeite,
rabbittite,
rabejacite,
raberite,
radhakrishnaite,
radovanite,
radtkeite,
radvaniceite,
raguinite,
raisaite,
raite,
rajite,
rakovanite,
ralphcannonite,
ramaccioniite,
ramanite,
ramazzoite,
rambergite,
ramdohrite,
rameauite,
rammelsbergite,
ramosite,
ramsbeckite,
ramsdellite,
rankachite,
rankamaite,
rankinite,
ransomite,
ranunculite,
rapidcreekite,
rappoldite,
raslakite,
raspite,
rastsvetaevite,
rasvumite,
rathite,
rauchite,
rauenthalite,
rauvite,
ravatite,
raygrantite,
rayite,
realgar,
reaphookhillite,
rebulite,
rectorite,
redcanyonite,
reddingite,
redgillite,
redingtonite,
redledgeite,
redondite,
reedmergnerite,
reevesite,
refikite,
reichenbachite,
reidite,
reinerite,
reinhardbraunsite,
renardite,
rengeite,
renierite,
reppiaite,
retgersite,
retzian,
revdite,
reyerite,
reynoldsite,
rhabdoborite,
rhabdophane,
rheniite,
rhenium,
rhodarsenide,
rhodesite,
rhodium,
rhodizite,
rhodochrosite,
rhodonite,
rhodostannite,
rhodplumsite,
rhomboclase,
ribbeite,
richardsite,
richardsollyite,
richellite,
richelsdorfite,
richetite,
richterite,
rickardite,
rickturnerite,
riebeckite,
riesite,
rietveldite,
rilandite,
rimkorolgite,
ringwoodite,
rinkite,
rinmanite,
rinneite,
riomarinaite,
riotintoite,
rippite,
rittmannite,
rivadavite,
riversideite,
roaldite,
robertsite,
robinsonite,
rockbridgeite,
rodalquilarite,
rodolicoite,
roeblingite,
roedderite,
rogermitchellite,
roggianite,
rohaite,
rollandite,
romanorlovite,
romarchite,
rondorfite,
rongibbsite,
ronneburgite,
rooseveltite,
roquesite,
rorisite,
rosasite,
roscherite,
roscoelite,
roselite,
rosemaryite,
rosenbergite,
rosenbuschite,
rosenhahnite,
roshchinite,
rosiaite,
rossiantonite,
rossite,
rossmanite,
rossovskyite,
rostite,
rouaite,
roubaultite,
roumaite,
rouseite,
routhierite,
rouvilleite,
rouxelite,
roweite,
rowleyite,
roxbyite,
roymillerite,
rozenite,
rruffite,
ruarsite,
rubicline,
rubinite,
rucklidgeite,
rudashevskyite,
rudenkoite,
ruifrancoite,
ruitenbergite,
ruizite,
rumoiite,
rumseyite,
rusakovite,
rusinovite,
russellite,
russoite,
rustenburgite,
rustumite,
ruthenarsenite,
rutheniridosmine,
ruthenium,
rutherfordine,
rutile,
ryabchikovite,
rynersonite,
saamite,
sabatierite,
sabelliite,
sabieite,
sabinaite,
sabugalite,
saccoite,
sacrofanite,
sadanagaite,
saddlebackite,
safflorite,
sahlinite,
sailaufite,
sainfeldite,
sakhaite,
sakuraiite,
salammoniac,
salesite,
saliotite,
saltonseaite,
salzburgite,
samaniite,
samarskite,
samfowlerite,
sampleite,
samraite,
samsonite,
samuelsonite,
sanbornite,
sanderite,
saneroite,
sangenaroite,
sanguite,
sanidine,
sanjuanite,
sanmartinite,
santabarbaraite,
santaclaraite,
santafeite,
santanaite,
santarosaite,
santite,
saponite,
sapozhnikovite,
sapphirine,
sarabauite,
saranchianite,
sarcolite,
sarcopside,
sardignaite,
sarkinite,
sarmientite,
sarrabusite,
sartorite,
sasaite,
sassolite,
satimolite,
satpaevite,
satterlyite,
sauconite,
savelievaite,
sayrite,
sazhinite,
sbacchiite,
sborgite,
scacchite,
scainiite,
scandiobabingtonite,
scarbroite,
scawtite,
scenicite,
schachnerite,
schafarzikite,
schairerite,
schallerite,
schapbachite,
schaurteite,
scheelite,
schertelite,
scheuchzerite,
schiavinatoite,
schieffelinite,
schindlerite,
schizolite,
schlegelite,
schlemaite,
schlossmacherite,
schmidite,
schmiederite,
schmitterite,
schneebergite,
schoderite,
schoenfliesite,
schoepite,
scholzite,
schoonerite,
schorl,
schorlomite,
schreibersite,
schreyerite,
schubnelite,
schuetteite,
schulenbergite,
schultenite,
schumacherite,
schwartzembergite,
schwertmannite,
sclarite,
scolecite,
scordariite,
scorodite,
scorticoite,
scorzalite,
scotlandite,
scottyite,
scrutinyite,
seaborgite,
seamanite,
searlesite,
sederholmite,
sedovite,
seeligerite,
seelite,
segelerite,
segerstromite,
segnitite,
seidozerite,
seifertite,
sekaninaite,
selenium,
selenojalpaite,
selenopolybasite,
selenostephanite,
seligmannite,
selivanovaite,
sellaite,
selwynite,
semseyite,
senaite,
senarmontite,
senegalite,
sengierite,
senkevichite,
sepiolite,
serandite,
serendibite,
sergeevite,
sergevanite,
sergeysmirnovite,
serpierite,
serrabrancaite,
sewardite,
shabynite,
shadlunite,
shafranovskite,
shagamite,
shakhovite,
shandite,
shannonite,
sharpite,
sharyginite,
shasuite,
shattuckite,
shcherbakovite,
shcherbinaite,
shchurovskyite,
sheldrickite,
shenzhuangite,
sherwoodite,
shibkovite,
shigaite,
shilovite,
shimazakiite,
shimenite,
shinkolobweite,
shirokshinite,
shirozulite,
shkatulkalite,
shlykovite,
shortite,
shosanbetsuite,
shuangfengite,
shubnikovite,
shuiskite,
shulamitite,
shumwayite,
shuvalovite,
sibirskite,
sicherite,
sicklerite,
siderazot,
siderite,
sideronatrite,
siderophyllite,
siderotil,
sidorenkite,
sidpietersite,
sidwillite,
siegenite,
sieleckiite,
sigloite,
siidraite,
silesiaite,
silhydrite,
silicocarnotite,
silicon,
silinaite,
sillimanite,
silver,
silvialite,
simferite,
simmonsite,
simonellite,
simonite,
simonkolleite,
simplotite,
simpsonite,
sincosite,
sinhalite,
sinjarite,
sinkankasite,
sinnerite,
sinoite,
sitinakite,
siudaite,
siwaqaite,
skaergaardite,
skinnerite,
skippenite,
sklodowskite,
skorpionite,
skutterudite,
slavkovite,
slawsonite,
sluzhenikinite,
smamite,
smirnite,
smirnovskite,
smithite,
smithsonite,
smolyaninovite,
smrkovecite,
smythite,
sobolevite,
sobolevskite,
sodalite,
soddyite,
sofiite,
sogdianite,
sokolovaite,
solongoite,
somersetite,
sonolite,
sonoraite,
sopcheite,
sorbyite,
sorosite,
sosedkoite,
souzalite,
spadaite,
spaltiite,
spangolite,
spencerite,
sperrylite,
spertiniite,
spessartine,
sphaerobertrandite,
sphaerobismoite,
sphalerite,
spheniscidite,
spherocobaltite,
spinel,
spionkopite,
spiridonovite,
spiroffite,
spodumene,
spriggite,
springcreekite,
spryite,
spurrite,
srebrodolskite,
srilankite,
stalderite,
stanfieldite,
stangersite,
stanleyite,
stannite,
stannoidite,
stannopalladinite,
starkeyite,
starovaite,
staurolite,
steacyite,
steedeite,
stefanweissite,
steigerite,
steinhardtite,
steinmetzite,
steklite,
stellerite,
stenhuggarite,
stenonite,
stepanovite,
stephanite,
stercorite,
sterlinghillite,
sternbergite,
steropesite,
sterryite,
stetefeldtite,
steudelite,
stevensite,
steverustite,
stewartite,
stibarsen,
stibiconite,
stibioclaudetite,
stibiocolumbite,
stibiocolusite,
stibiogoldfieldite,
stibiopalladinite,
stibiotantalite,
stibivanite,
stibnite,
stichtite,
stilbite,
stilleite,
stillwaterite,
stilpnomelane,
stishovite,
stistaite,
stoiberite,
stokesite,
stolperite,
stolzite,
stoppaniite,
stottite,
stracherite,
straczekite,
strakhovite,
stranskiite,
strashimirite,
strelkinite,
strengite,
stringhamite,
stromeyerite,
stronadelphite,
stronalsite,
strontianite,
strontiochevkinite,
strontiodresserite,
strontiofluorite,
strontioginorite,
strontiohurlbutite,
strontiojoaquinite,
strontiomelane,
strontioperloffite,
strontiopharmacosiderite,
strontioruizite,
strontiowhitlockite,
strunzite,
struvite,
studenitsite,
studtite,
stumpflite,
sturmanite,
suanite,
sudburyite,
sudoite,
sudovikovite,
suenoite,
suessite,
sugakiite,
sugilite,
suhailite,
sulfhydrylbystrite,
sulfoborite,
sulphohalite,
sulphotsumoite,
sulphur,
sulvanite,
sundiusite,
suolunite,
suredaite,
surinamite,
surite,
sursassite,
susannite,
suseinargiuite,
sussexite,
suzukiite,
svabite,
svanbergite,
sveinbergeite,
sveite,
sverigeite,
svornostite,
svyatoslavite,
svyazhinite,
swaknoite,
swartzite,
swedenborgite,
sweetite,
swinefordite,
switzerite,
sylvanite,
sylvite,
symesite,
symplesite,
synadelphite,
synchysite,
syngenite,
szenicsite,
szklaryite,
szmikite,
szomolnokite,
sztrokayite,
tacharanite,
tachyhydrite,
taenite,
taikanite,
tainiolite,
takanelite,
takedaite,
takovite,
talc,
talmessite,
talnakhite,
tamaite,
tamarugite,
tamboite,
tamuraite,
tancoite,
taneyamalite,
tangdanite,
tangeite,
taniajacoite,
tanohataite,
tantalcarbide,
tantalite,
tantalowodginite,
tantite,
tapiaite,
tapiolite,
taramellite,
taramite,
taranakite,
tarbagataite,
tarbuttite,
tarkianite,
taseqite,
tashelgite,
tassieite,
tatarinovite,
tatarskite,
tatyanaite,
tausonite,
tavagnascoite,
tavorite,
tazheranite,
tazieffite,
tazzoliite,
teallite,
tedhadleyite,
teepleite,
tegengrenite,
teineite,
telargpalite,
tellurantimony,
tellurite,
tellurium,
tellurobismuthite,
tellurohauchecornite,
telluromandarinoite,
telluronevskite,
telluropalladinite,
telluroperite,
telyushenkoite,
temagamite,
tengchongite,
tennantite,
tenorite,
tephroite,
terlinguacreekite,
terlinguaite,
ternesite,
ternovite,
terranovaite,
terrywallaceite,
terskite,
tertschite,
teruggite,
teschemacherite,
testibiopalladite,
tetradymite,
tetraferriannite,
tetraferriphlogopite,
tetraferroplatinum,
tetrahedrite,
tetrarooseveltite,
tetrataenite,
tetrawickmanite,
tewite,
thadeuite,
thalcusite,
thalfenisite,
thalhammerite,
thalliomelane,
thalliumpharmacosiderite,
thaumasite,
theisite,
theoparacelsite,
theophrastite,
therasiaite,
thermaerogenite,
thermessaite,
thermonatrite,
thometzekite,
thomsenolite,
thomsonite,
thorasphite,
thoreaulite,
thorianite,
thorikosite,
thorite,
thornasite,
thorneite,
thorosteenstrupine,
thortveitite,
thorutite,
threadgoldite,
thunderbayite,
tiberiobardiite,
tiemannite,
tienshanite,
tiettaite,
tikhonenkovite,
tilasite,
tilkerodeite,
tilleyite,
tillmannsite,
timroseite,
tin,
tinaksite,
tincalconite,
tinnunculite,
tinsleyite,
tinticite,
tintinaite,
tinzenite,
tiptopite,
tiragalloite,
tischendorfite,
tisinalite,
tissintite,
tistarite,
titanite,
titanium,
titanoholtite,
titanomaghemite,
titanowodginite,
titantaramellite,
tivanite,
tlalocite,
tlapallite,
tobelite,
tobermorite,
tochilinite,
tocornalite,
todorokite,
tokkoite,
tokyoite,
tolbachite,
tolovkite,
tomamaeite,
tombstoneite,
tomichite,
tomiolloite,
tondiite,
tongbaite,
tooeleite,
topaz,
torbernite,
torrecillasite,
torreyite,
torryweiserite,
tosudite,
toturite,
tounkite,
townendite,
toyohaite,
trabzonite,
tranquillityite,
transjordanite,
traskite,
trattnerite,
treasurite,
trebiskyite,
trechmannite,
tredouxite,
trembathite,
tremolite,
trevorite,
triangulite,
triazolite,
tridymite,
trigonite,
trikalsilite,
trilithionite,
trimerite,
trinepheline,
triphylite,
triplite,
triploidite,
trippkeite,
tripuhyite,
tristramite,
tritomite,
trogtalite,
troilite,
trolleite,
trona,
truscottite,
tsangpoite,
tsaregorodtsevite,
tschaunerite,
tschermakite,
tschermigite,
tschernichite,
tsepinite,
tsikourasite,
tsilaisite,
tsnigriite,
tsugaruite,
tsumcorite,
tsumebite,
tsumgallite,
tsumoite,
tsygankoite,
tubulite,
tugarinovite,
tugtupite,
tuhualite,
tuite,
tulameenite,
tuliokite,
tululite,
tumchaite,
tundrite,
tunellite,
tungsten,
tungstenite,
tungstibite,
tungstite,
tungusite,
tunisite,
tuperssuatsiaite,
turanite,
turkestanite,
turneaureite,
turquoise,
turtmannite,
tuscanite,
tusionite,
tuzlaite,
tvalchrelidzeite,
tvedalite,
tweddillite,
twinnite,
tychite,
tyretskite,
tyrolite,
tyrrellite,
tyuyamunite,
uakitite,
uchucchacuaite,
udinaite,
uduminelite,
uklonskovite,
ulexite,
ullmannite,
ulrichite,
umangite,
umbite,
umbozerite,
umbrianite,
umohoite,
ungavaite,
ungemachite,
upalite,
uralborite,
uralolite,
uramarsite,
uramphite,
urancalcarite,
uraninite,
uranoclite,
uranophane,
uranopilite,
uranopolycrase,
uranosilite,
uranospathite,
uranosphaerite,
uranospinite,
uranotungstite,
urea,
uricite,
uroxite,
ursilite,
urusovite,
urvantsevite,
ushkovite,
usovite,
ussingite,
ustarasite,
usturite,
utahite,
uvanite,
uvarovite,
uvite,
uytenbogaardtite,
uzonite,
vaesite,
vajdakite,
valentinite,
valleriite,
valleyite,
vanackerite,
vanadinite,
vanadiocarpholite,
vanadiopargasite,
vanadium,
vanadomalayaite,
vanalite,
vanarsite,
vandenbrandeite,
vandendriesscheite,
vanderheydenite,
vandermeerscheite,
vaniniite,
vanmeersscheite,
vanoxite,
vantasselite,
vanthoffite,
vanuralite,
vapnikite,
varennesite,
vargite,
variscite,
varlamoffite,
varulite,
vashegyite,
vasilite,
vasilseverginite,
vasilyevite,
vaterite,
vaughanite,
vauquelinite,
vauxite,
veatchite,
veblenite,
veenite,
velikite,
vendidaite,
verbeekite,
verbierite,
vergasovaite,
vermiculite,
vernadite,
verneite,
verplanckite,
versiliaite,
vertumnite,
vestaite,
vesuvianite,
veszelyite,
viaeneite,
vigezzite,
vigrishinite,
vihorlatite,
viitaniemiite,
vikingite,
villiaumite,
villyaellenite,
vimsite,
vincentite,
vinciennite,
vinogradovite,
violarite,
virgilite,
vishnevite,
vismirnovite,
vistepite,
viteite,
vitimite,
vittinkiite,
vivianite,
vladimirite,
vladimirivanovite,
vladkrivovichevite,
vladykinite,
vlasovite,
vlodavetsite,
vochtenite,
voggite,
voglite,
volaschioite,
volborthite,
volkonskoite,
volkovskite,
voloshinite,
voltaite,
volynskite,
vonbezingite,
vonsenite,
vorlanite,
voronkovite,
vorontsovite,
voudourisite,
vozhminite,
vrbaite,
vuagnatite,
vulcanite,
vuonnemite,
vuorelainenite,
vurroite,
vyacheslavite,
vyalsovite,
vysotskite,
wad,
wadalite,
wadeite,
wadsleyite,
wagnerite,
waipouaite,
wairakite,
wairauite,
wakabayashilite,
wakefieldite,
walentaite,
walfordite,
walkerite,
wallisite,
wallkilldellite,
walpurgite,
walstromite,
walthierite,
wampenite,
wangdaodeite,
wardite,
wardsmithite,
warikahnite,
warkite,
warwickite,
wassonite,
watanabeite,
watatsumiite,
waterhouseite,
watkinsonite,
wattersite,
wattevilleite,
wavellite,
wawayandaite,
waylandite,
wayneburnhamite,
weberite,
weddellite,
weeksite,
wegscheiderite,
weibullite,
weilerite,
weilite,
weinebeneite,
weishanite,
weissbergite,
weissite,
welinite,
weloganite,
welshite,
wendwilsonite,
wenjiite,
wenkite,
werdingite,
wermlandite,
wernerbaurite,
wernerkrauseite,
wesselsite,
westerveldite,
wetherillite,
wheatleyite,
whelanite,
wherryite,
whewellite,
whitecapsite,
whiteite,
whiterockite,
whitlockite,
whitmoreite,
wickenburgite,
wickmanite,
wicksite,
widenmannite,
widgiemoolthalite,
wightmanite,
wiklundite,
wilancookite,
wilcoxite,
wildenauerite,
wilhelmkleinite,
wilhelmramsayite,
wilhelmvierlingite,
wilkinsonite,
wilkmanite,
willemite,
willemseite,
willhendersonite,
willyamite,
wiluite,
winchite,
windhoekite,
windmountainite,
winstanleyite,
wiserite,
witherite,
wittichenite,
wittite,
witzkeite,
wodginite,
wolfeite,
wollastonite,
wonesite,
woodallite,
woodhouseite,
woodruffite,
woodwardite,
wooldridgeite,
wopmayite,
wrightite,
wroewolfeite,
wulfenite,
wulffite,
wumuite,
wupatkiite,
wurtzite,
wuyanzhiite,
wyartite,
wycheproofite,
wyllieite,
xanthiosite,
xanthoconite,
xanthoxenite,
xenophyllite,
xenotime,
xiangjiangite,
xieite,
xifengite,
xilingolite,
ximengite,
xingzhongite,
xitieshanite,
xocolatlite,
xocomecatlite,
xonotlite,
yafsoanite,
yagiite,
yakhontovite,
yakubovichite,
yancowinnaite,
yangite,
yangzhumingite,
yanomamite,
yarlongite,
yaroshevskite,
yaroslavite,
yarrowite,
yarzhemskiite,
yavapaiite,
yazganite,
yeatmanite,
yecoraite,
yedlinite,
yegorovite,
yeomanite,
yimengite,
yingjiangite,
yixunite,
yoderite,
yofortierite,
yoshimuraite,
yoshiokaite,
yttrotungstite,
yuanfuliite,
yuanjiangite,
yugawaralite,
yukonite,
yuksporite,
yurgensonite,
yurmarinite,
yushkinite,
yusupovite,
yuzuxiangite,
yvonite,
zabuyelite,
zaccagnaite,
zaccariniite,
zadovite,
zagamiite,
zaherite,
zakharovite,
zanazziite,
zangboite,
zapatalite,
zaratite,
zavaritskite,
zaykovite,
zektzerite,
zellerite,
zemannite,
zemkorite,
zeophyllite,
zeravshanite,
zeunerite,
zhanghengite,
zhanghuifenite,
zhangpeishanite,
zharchikhite,
zhemchuzhnikovite,
zhiqinite,
ziesite,
zigrasite,
zimbabweite,
ziminaite,
zinc,
zincalstibite,
zincaluminite,
zincgartrellite,
zincite,
zinclipscombite,
zincmelanterite,
zincoberaunite,
zincobotryogen,
zincobradaczekite,
zincobriartite,
zincochromite,
zincocopiapite,
zincolibethenite,
zincolivenite,
zincomenite,
zinconigerite,
zincospiroffite,
zincostaurolite,
zincostrunzite,
zincovoltaite,
zincowoodwardite,
zincrosasite,
zincroselite,
zincsilite,
zinczippeite,
zinkenite,
zinkosite,
zippeite,
zircon,
zirconolite,
zircophyllite,
zircosulfate,
zirkelite,
zirklerite,
zirsinalite,
zlatogorite,
znamenskyite,
znucalite,
zodacite,
zoharite,
zoisite,
zolenskyite,
zolotarevite,
zoltaiite,
zorite,
zoubekite,
zubkovaite,
zuktamrurite,
zunyite,
zussmanite,
zvyaginite,
zvyagintsevite,
zwieselite,
