english,tune
,aboard
,about
,academic
,across
,adjust
,administer
,administrative
,adult
,afar
,after
,against
,ahead
,air
,airport
,all
,along
,alphabet
,already
,altogether
,among
,an
,annual
,annunciate
,another
,any
,anybody
,anyone
,anything
,anywhere
,aromatic
,around
,as
,at
,atmosphere
,away
,away from
,before
,behind
,behind
,beneath
,beneath
,between
,beyond
,beyond
,board
,breathe
,but
,chair
,chant
,char (burn to a crisp)
,chemical
,chew
,chivalrous
,choke
,chubby
,conjugate
,could
,cradle (hold like baby)
,creak
,crisp
,down
,during
,each
,effort
,either
,else
,eventually
,everybody
,everyone
,everything
,everywhere
,except
,excuse me
,few
,fewer
,fewest
,for
,from
,further
,here
,hey
,how
,how
,ignorance
,in
,in which
,into
,least
,less
,like
,many
,marijuana
,more
,next
,next to
,nobody
,nothing
,nowhere
,off (body-not-touching-focus)
,on (body-touching-focus)
,otherwise
,out
,over
,per
,perfectly
,perhaps
,salvation
,seat
,should
,significance
,since
,skill
,so
,some
,than
,thanks
,that
,then
,there
,these
,this
,those
,through
,to
,toward
,under
,unfold
,up
,upon
,whatever
,whatever
,wherever
,wherever
,with
,within
,would
,yay
,yes
baba,brother
babasa,devour
babuba,bounce
bacyaza,bath
badara,assist
bahama,conference
bakoxa,zoom
bala,world (conception of reality)
bama,create
bamena,adverse
bampina,amphibian
bamufa,assure
bapupa,year
baqa,self (auto-)
baraka,blessing
barupa,abrupt
batina,secret/hidden message
bavana,meditation
beba,target
beda,depth
bedima,cast (mold)
bedona,abandon
behola,chime
behusa,wreck
baliva,believe
baltaza,belt
blowiqa,blow
besa,base
betena,abdomen
biba,left
bifa,previous
biga,large
bigoma,vast
bigoza,addict
bigusa,ambiguous
bihala,abbreviate
bihena,combine
bika,reach
bima,line
bimama,wood
bipa,bit
biqa,else
bisa,across (trans-)
bisola,yelp
bisteka,monster
bitita,yield
bitxasa,beach
biwesa,beware
bixula,cooking
blaka,hindrance
bleba,baby
bledeza,knife
blomoza,cabinet
blotaza,table
boca,both
boda,together
bohisa,approve
bolasa,apply
boleta,protruding
bolsa,absolute
bomuda,accumulate
bona,relation/link (the connection itself)
bonesa,communicate
bora,boundary
borera,sorting/purification
borhana,boron
borpeka,belch
borpena,pig
bosa,ifnotmatch/otherwise
bososa,beauty
bosuba,circle
boyeka,complement
boyixa,weep
bralu,by
bida,ten
brama,ultimate
brata,battle
breCaja,oxygen
brimi,hunt
brizema,breeze
brufana,buffalo
bruma,world
bu,b sound
buba,now/current
bubola,bubble
buda,awakened
budara,arrest
bufafa,whole
buhifa,acknowledge
bula,side
buma,reject
bumufa,cluster
burca,birth
buta,being
buzexa,weather
buziza,avoid
carvaka,river
cata,hook
cifa,theif/steal
coba,vibe
coma,c letter
cornaka,thorn
crozela,cement
cundara,thunder
da,d sound
dada,parent
dalta,generosity
daluja,delusion
damaca,kindness
dana,urge
dandina,dandelion
dara,unknown/external
darca,death
dardima,nipple
darpa,pride
darsana,insight
darta,data (structured/useful information)
dasa,negative
data,point/particle
dava,here
davida,beloved
debafa,witness
debesa,cardinal
dekxaka,deal
dema,effect
denisa,appreciate
denuna,beach
desara,act
desoma,anger
deta,datetime stamp/instance in time
detuta,activist
dica,time
dida,just (close-focus)/close
difita,defeat
dijina,brief
dimona,demon (negative god)
dimunda,diamond
dina,whole
dinona,wedge
dipa,tree
dira,bit on
disa,number
dita,distance (tele-)
ditapa,characterize
diva,there
divoga,accrete
dixa,condition (general state)
dizava,whopping
djagola,jungle
djakana,algae
djetara,gesture
djihada,strive
djina,gene
djosefa,addition
djupita,jupiter
doba,two
dodoba,admire
dohena,alarm
doksiza,document
dokuza,afflict
dola,bound
dolpa,doubt
doma,"area or state of being (-dom)"
domuba,wheeze
dopa,value
dowara,anoint
doyova,wrath
dozeva,attack
drakuna,raccoon
dravata,liquidity
drida,firm
drinala,dry
droga,drug
druta,perseverance
druvuna,dove
duda,extend
duguka,chaste
duka,"thing (hatchling)"
dukura,struggle
dulu,of
dumana,altruistic
dumara,woo
dumoba,conduct
duna,do
durona,wrong
dusa,length
dwena,dormant
faba,include
fabuma,complain
fahuma,understanding
fakaka,attend
faksana,fox
fala,"full of (-full)"
falona,follow
fama,scale (relative size)
farida,wind
farnana,fern
farnoza,firepit
fartaja,sulfur
fartoka,fart
fasfora,phosphorous
faxoka,circuit
febasa,answer
febisa,affirm
feca,faith
feda,void
fedula,available
fehuda,clue
fesa,face (surface)
festa,manifest
feta,eight
fevoxa,word
fiba,next
fibosa,bustling
fifima,bet
fikara,fiction
fila,"feel/feeling (e-motion stream)"
fima,mesh (inter-)
fina,"belief in x"
finoma,adopt
fisefa,clammy
fisuda,acquire
fiyifa,condense
flexama,meat
flika,image
flodara,flood
floxa,luck
fluka,fluke
fobisa,conceive
fodufa,address
fokava,bulk
foldeza,folder
fomasa,affair
fona,machine
fopepa,abnormal
foqgana,fungus
fora,joint (the point where the two connect)
forka,fork
forkaza,fork (eating tool)
forma,form
fosa,information
fotipa,captive
friki,figure out
fuba,y-axis
fuda,food
fufafa,week
fula,where
fulifa,approach
fumama,wrestle
funa,within (endo-)
funda,found
furusa,catalyze
futa,fruit
fuviga,combinatorial
fyuza,fuse
gabava,challenge
gada,god/true reality
gaga,opposite (anti)
galapa,gallop
galaxa,broken
gamara,complete
ganoga,choice
garva,arrogance
gava,how (missing-action-focus)
gawaba,welfare
gawena,analyze
gaxa,only
gaxiba,call
gayefa,algorithm
gazofa,compass
gema,game
gena,without
gesava,associate
gesta,guest
geta,position
gevora,discipline
gevura,awful
gexida,bland
gexoba,wink
geza,front
gi,g sound
gila,through
gimaxa,activate
gisa,danger
gisaza,welcome
giva,give
giwava,category
glAfika,laugh
glaCawa,lawyer
glilina,eagle
glivana,gull
glixana,sheep
glona,go
glotina,goat
glowaja,neon
go,q sound
weza,fifteen
godama,good
goka,end
gokena,wear
golara,glory
goldama,gold
golema,unformed material
gopana,conceal
gordona,alligator
gorma,meaning
gotra,lineage
govorna,government
goxara,confide
goxasa,cheeky
goza,get
gozeza,shearing
grakapa,lithium
grama,collection
gramona,rabbit
granita,granite
grenina,grain
grumana,cow
gumaxa,wed
gumoza,coat
guna,quality
gunika,accent
guvafa,brain
guxa,memory (storage medium)
haba,grow
hadara,bachelor
hadica,talk/discourse
hagaxa,watch
hagiva,chart
hala,span
halaka,the way to behave
halala,permissible
halca,health
halcawa,doctor
halcaxloma,hospital
hamka,ego
hamuba,bump
hana,zero
hanana,win
handala,hand
hapoqka,revelation
haqkana,hawk
haraba,master (rabbi)
harama,not permissible
harana,abolish
hargana,argon
harkeka,hiccup
harpaza,harp (instrument)
harpuza,harpoon
harsina,arsenic
harxa,joy
hasana,absent
hasida,piety (focusing on spirituality)
hatepa,ancient
hatlana,atlantic ocean
hatxi,build quickly
hava,of
hayota,emotion
hecika,ethics
hehina,window
hema,open
hemu,but
hesa,medium
heta,hate/rejection (emotionless)
hibama,wince
hideba,ascertain
hidjaba,veil
hifa,bit off
hihuba,wiggle
hikika,bother
hima,back
himana,immanent (present throughout)
himsa,violence
hinema,innocence
hivala,evil
hixiva,wretched
hobeka,obscure
hobita,orbit
hobuda,advantage
hodula,annoy
hohasa,charge
hoheba,blunt
hokeka,comprehend
hokuxa,coil
holama,concealment
homa,home
homefa,woozy
hona,focus
hora,out
horega,weave
horexa,plowing
horkena,elk
horta,hope
hu,h sound
huba,x-axis
hubuma,attention
huhifa,become
huksa,expression
huma,small
hyumida,humid
ka,k sound
kabala,reception
kadoza,way
kafiri,deny
kaftaka,cough
kaga,item
kagura,club
kagusa,allegiance
kaka,logic
kalifa,spirituality
kalpana,imagination
kama,five
kampila,camp
kana,"ability (-ability)"
kanaka,humble
kanta,patience
kantara,a difficult road
kaqa,object type
karana,instrument
kardeza,card
karla,harmony
karpira,copper
karuna,compassion
kastuna,cactus
kasuva,collapse
kavana,intention
kaxana,compete
kayama,work
kaza,cause
keduxa,holy
kega,node
kehiva,bumble
kelipa,peel
kemiga,ache
kereva,accept
ketara,crown
kevala,absolute
kevifa,clip (cut off)
kevuba,whip
kevufa,absolve
keyada,centrical (orbiting around center)
kifexa,beg
kika,ifmatch/then
kikala,compile
kikoka,chip (rock)
kilesa,defilement
kina,"-ableness"
kinuxa,absorb
kipa,group
kiqa,action type
kitxi,build correctly
kivuna,bolt (action)
kixa,all encompassing type
klexa,suffering
klirina,chlorine
klukena,chicken
klumana,caterpillar
kobuxa,conflict
koda,code
kodexa,whack
konaka,ashamed
koqa,fusion type
korana,recite
korlana,coral
korli,collect
kornema,corn
kortara,comet
korza,chaos
kotzera,reaping
kova,part
kovuba,collide
koxa,nand
koxera,tying together
kozada,alien
kozola,confuse
kozusa,claim
krabina,crab
krakora,crack
krama,sequence
kriseza,book
kritaka,artificial
kroda,anger
kuluza,bang
kumara,virgin
kuqa,swivel type
kusala,wholesome
kuyufa,avert
kuza,exclude
kwataja,hydrogen
kwatara,water
kyulara,molecule
laba,current
ladoma,worse
lafa,four
laga,that
laguga,appear
laka,lock
lakiza,aloud
lala,rotate/spin
lama,do like something
landapa,land
lanoma,attempt
larvena,larvae
lasa,"less of (-less) empty"
lasta,lost
lata,pile/lot/heap (large)
latu,much (large-lot-focus)
lavori,inspire
laxava,annul
layana,cling
ledama,activity
ledoda,actual
ledona,breed
lefada,assert
legaka,accompany
lehema,yell
lemoba,accord
lena,"the nature of doing x (-ence)"
leqga,language
lerena,baggy
levu,every
lezaga,bright
lida,solution
lidoma,wound
lifa,leaf
liga,this
light,litxa
liguxa,afford
liheda,conceal
lima,branch
lipa,chain
litiga,obligation
litxera,lightning
lixa,instance
loda,load
loga,"flow (speech utterance)"
lokaxa,brave
lona,loan
lora,balance
loraba,alter
losa,separate
losona,weak
losuba,born
loxana,lush
loxexa,announce
lufa,far (large-distance-focus)
lugoka,waver
luhufa,concentrate
lula,block/prevent
luma,all
lumirna,aluminum
lupa,loop
lusana,adjust
luyexa,compensate
maba,evaluate/run (code)
mabesa,chipper
madjika,magic (happens without understanding how it works)
mafa,communicating-reference-point
magida,communication with god
magneta,magnet
magnisa,magnesium
mahana,great
mahula,whine
mala,distance
malda,elder
malina,defective
mama,source
manasa,care
mandala,association
manida,confirm
mapa,map (map/reduce)
maqgala,auspicious
mara,"more (-er)"
marava,barren
markura,mercury
marpi,map out
martaxa,matter (material substance)
marxona,ant
marzana,mars
maskaa,mask
maslona,moss
matira,undoing
matura,maturity
mava,"loving (-phile)"
mavira,ignition
mawaga,cheer
mayova,clutter
mazala,influence
meda,thing about the thing (meta-)
medaba,whistle
medisa,medicine
medoja,application
medora,aggression
meheba,amplitude
mekaba,vehicle
memaka,smoothing (sanding/scraping)
mena,main/primary
meraka,sifting
meruma,argue
mesa,different
mesija,redemption
mesima,apart
meta,meta
metafa,metaphor
mexeva,coast
mi,m sound
miba,size
mibufa,capable
mica,myth
midota,mercy
midraxa,interpretation
mifa,set (get)
mihena,adequate
mija,who (missing communicating-agent-focus)
minaga,customs
mipeta,calm
miraja,mirage
miraka,miracle (something impossible happening)
miruna,willing
misa,"most (-est) (large-collection-partition-focus), (relatively-have-more-than-less-focus, few-remain-focus)"
misema,atone
misofa,young
mistega,mist
mixiva,accident
mixnala,study by repetition
miyuba,competence
moda,twelve
moduma,appliance
moguza,channel
moheka,erase
mokxa,liberation
momuna,burn
mona,"featuring x"
monena,prediction
mora,be
mosa,play
moskena,mouse/rat
motifa,motif
moxa,"the model of the action (e.g. the transform)"
moxiza,bleak
mozasa,to draw out
mu,i vowel
mubaba,applicable
muda,life
mudina,wealth
mugaxa,wipe
mugeka,accurate
muhuma,bitter
mumina,adherent
munado,mundane
munda,world
murisa,brittle
mutita,admit
muva,move
muvu,to (move-focus)
na,n sound
naboba,advice
nada,"having some aspects of (-ish)"
nafu,enough
nagara,city
nala,"period of x (-hood)"
namoma,adventure
nana,not (un- or -im)
nanda,happy
nara,filter
naraka,hell
naruda,conventional
nasa,nine
nasiba,beam
nayiva,concern
nazuva,check
nedida,chat
nefa,allow
nema,name/define
nemala,aura
nepapa,ceiling
neptuna,neptune
neva,a (isolated-element-focus)
neveza,blame
nida,desire/craving
nidiqa,kneading
nifefa,wild
nifoma,buy
nihusa,compliant
nina,their
nira,near
nisa,neutral
nisarga,granting
nitroja,nitrogen
nitropa,soda
niva,with (con-)
nivoga,compare
niyata,integrity
noba,maybe
nobosa,withdraw
nodoba,cheap
nofa,add
nofama,zone
nokoga,compute
nola,area/field
nolsa,despair
nomada,nomad (no permanent home)
nona,known
none,no
nonu,none (not thing exist)
norma,normal
norsa,new
noruda,chilly
nota,message
noza,z-axis
nubisa,cell
nuca,mind
nuda,representation
nugaza,battle
nuhana,wobble
nuheba,accrue
nukuva,attain
nukuxa,beneficial
nula,close (vs. open)
nuna,nothing
nura,transform
nuyuxa,adhere
paga,undo
pakta,dense
palisa,palace (wonderful place)
palixi,polish
panata,ask
pandita,scholar
paqa,response
parala,parallel
parkada,park
pasepa,amuse
pata,"act of"
paza,pause
pena,pain
pentaza,paint
peta,free
pi,p sound
pikara,sarcasm
pimota,capture
pipa,experience
pipeda,arcane
piqa,request
pisa,peace
pisata,pristine (just how it's supposed to be)
pisteka,pee
pitida,capacity
platina,platinum
plesa,place
plutosa,pluto
polepa,bond
polva,power
popa,accept
poseka,decisor
poskana,bacteria
poteka,protection
pozana,poison
praga,passion
praka,process
praketa,observation
prakopa,rage
pranama,bowing forward
pranida,spy
prasika,pacific ocean
pratiba,luminous
pratiga,repulsion
prema,love
prenaza,pen
primo,supreme (better than all else)
pritaka,petal
profeta,prophet
pubota,puberty
pudjara,venerable (worthy of respect)
pufa,proof
cuka,eleven
pularxa,pool
pulveta,wet
pupa,borrow
puporka,poop
purana,ancient
pyora,pure
raca,update
rada,cycle
radja,king (ruler)
rafefa,abundance
ragaka,alert
ragoga,border
rahaba,sea monster
rafa,thirteen
rakata,iteration
rakiva,accomplish
rakxa,preservation
ralaga,crawl
ramasa,click
ramisa,worry (action)
ramusa,weary
rana,subtract
ranifa,will
raqa,my
raroma,rare
rasa,in
rasula,messenger
rata,"the x action process"
rava,"reminiscent of (-esque)"
ravina,ravine
reCa,need
rebora,bootstrap
refa,bottom
rema,start
remeza,illusion
renatxa,rain
rendiza,writing utensil
renura,commit
repita,repetition
resa,partial (semi-)
rezova,citation
rida,read
ridrona,reed
ridza,origin (start of first)
rikala,wrinkle
rila,real
rina,again (re-)
rineda,being
ripa,location
riqa,your
rivexa,wrench
riyida,certain
roba,why
robeda,ambitious
roda,path
rohafa,accuse
rola,roll
rolzina,rose
roma,merge
rompana,reptile
ropeta,build
rosexa,arouse
rova,they (communicating-agent-external-reference-focus)
ruca,risk
ruda,hold
rula,rule (in system)
rumana,comment
runa,write
runaka,spirit
runawa,scribe
rupita,adiabatic
ruputa,account
rural,rural
rusena,withstand
ruvuca,charm
saboma,color
sada,positive
sadaka,charity
sadiba,clear
sahada,admission
sahadja,nature
sahida,watch over
sakrama,sacrament
sakuxa,antecedent
salata,prayer
salpika,silicon
saltima,sodium
samana,respect
sambala,match-maker
samrida,prosperity
samsara,course
samtata,expanse
samveda,perception
sana,three
sandara,sand
sapira,luminary
saqa,I/me (communicating-agent-source-focus)
saqga,community
sara,still
sarula,appoint
sasa,flow
sasafa,blind
sasala,bind
sateba,stable
satota,calculate
saturna,saturn
satxura,saturated (filled to capacity)
saxoxa,arrogant
sayeka,achieve
sayora,weapon
sefa,safe
sefira,emanation
sefufa,yank
sefuma,whittle
segula,remedy
seja,j letter
sekeda,sacred
sekuka,acclimate
seliba,celibacy
sema,same (sym-)
sesusa,confound
setana,satan (seduces humans into sin)
sida,seed/origin
sidrana,cedar
sifefa,cheat
sika,seek
silvana,silver
sina,after (post-)
siqa,you (communicating-agent-target-focus)
sira,ignorance
sisa,sibling
sita,situation
sivaka,attachment
sixaza,aboard
siyisa,awesome
skaxa,science
skisara,scarce
skixa,art
sleva,slave
snalana,snail
snizeka,sneeze
soba,death
sobena,apparent
sodusa,wield
sofa,infinite
sohoda,whisk
sola,soul (accumulation of all experience)
soma,s letter
sopriza,surprise
sopupa,baffle
sorgana,dinosaur
sosana,agony
soseba,bored
sosofa,concept
sozega,advocate
spakala,horn (animal)
sparona,sparrow
spexa,history
spunaza,spoon
stemaka,stem
stifola,stifling
stimaka,gas
stimina,steam
stirina,deer
stomaxa,storm
storala,story
suca,what (missing object focus)
suda,somewhat (pseudo-)
sudaba,well
sufuna,whisper
sukeka,bait
sumisa,complex
sumura,command
suna,probable
sunara,model (to follow)
sunda,audio
sunula,bribe
supa,above (super)
suprima,supreme
sura,divide
surosa,cancel
susa,beyond (extra- or hyper-)
susaba,bluff
suvaka,auditory
suyiva,wither
suzaxa,buoyant
suzoza,burst
svamina,owner
tahara,purity
tahida,unification
takafa,mutual guarantee
takana,regulation
talaka,divorce
tana,before (pre-)
tapa,top
taqa,false
targuma,translation
tata,child
tatona,weigh
taza,"very much of (-some)"
tehapa,cap
tehoma,universe-aether
teka,take
tendona,tendon
terika,esoteric
tetada,combustion
teva,"relates to (affectional)"
tica,fourteen
tigrana,tiger
tikuna,fixing/rectification
timuta,zip
tipasa,compensation (payment for work)
tiqa,true
tita,texture
tituma,allege
tixa,boolean
tofera,sewing
tohena,grinding
tolota,whimper
tona,tone/sound
tonara,eternity
torama,teachings
tornara,protein
torneda,tornado
totusa,concrete (solid idea)
toveka,spinning fibers into thread
trada,tradition (way of doing things based on past)
tranoza,electronic
trena,train (practice)
tresa,trace
tricina,flourine
trima,container
trolona,troll
tu,t sound
tuba,"over (overburden)"
tula,"it's a tool (zipper)"
turota,bold
tuta,t letter
tutuma,carry
txakoma,chocolate
txanela,channel
txapoza,chopsticks
txarona,iron
txita,subconscious
vabaxa,bliss
vabuxa,wish
vadhana,cautious
vaduka,zeal
vaduza,agitate
vaga,material/substance
vameza,boundless
vampira,vampiric
vana,"having the nature of (-ivity)"
varguna,vegetable
varmika,throw up
varso,various
vatxika,oral
vava,v letter
veda,"study or science of (-ology)"
vega,force
vehiza,come
veka,E letter
vemiza,comfort
vena,the (primary-element-focus)
venuya,we/us
veraxa,column
vernayoga,reverence
veruxa,confession
vevola,abstract
veyaba,worship
veyika,confer
veza,multi
vezona,almighty
vifaxa,ambiguous
viga,select
vijrana,vision
vikalpa,doubt
vima,exceed (super)
vinana,consciousness
vinorsa,venus
vipasa,freed from fetters
virsara,virus
visma,wonder
vistala,eye
vitarka,inference
vitraja,carbon
viva,six
vivida,vivid
vivora,brash
vixa,preserve/store/save
viyoka,belong
vizuda,worth
vodata,service
voguda,weave
voka,event
vokama,clean
volma,video
voltaka,electricity
voltuna,vulture
vornana,vine
voroza,circulate (spread around)
vovema,attach
vovisa,boil
vowefa,bias
voza,multiply
vuduma,indirect control
vuhiga,wring
vula,"result (-tion)"
vuva,way/style
vuxa,entity
wagaba,yearn
waka,traverse
wakali,walk (organism walk)
wakura,beloved
walda,wild
wanti,want
wara,identity
warifa,wrap
wava,w letter
waviba,coarse
waxa,universe (all that is in existence)
waxaba,appeal
wehuza,wide
weka,exist
weva,repeat
wevana,compound
wevola,aggravate
weyona,boundary
leza,if
wiga,require
wikedo,wicked (bad-inclined)
wilarza,wheel
wina,when
windura,wind
wira,r (english) vowel
wisdom,boda
witxu,which
wiva,form/shape
wizarda,intelligent person
wo,w sound
worCa,worthy
worla (warrior = worlawa),war
wormina,worm
worva,wave
worvaxa,water wave
worxayoga,worship
woza,problem
wuva,on
wuxa,system
xaba,seven
xabata,cessation of work
xafaxa,arch
xaga,choice/option
xagata,grace
xakoba,condition
xakofa,clumsy
xakrana,chakra
xaleka,author
xalfiza,shelf
xaloma,hello
xama,"the state of being x (-acy)"
xaneva,confine (limit within a space)
xaniza,bore
xaqa,object
xasta,order
xavona,compost (break down to nature)
xedarga,shade
xeduga,center
xefaka,balance
xehexa,amaze
xewaza,abrasive
xexuda,bridge
xeyaba,brake
xeyama,common
xezosa,assemblage
xiga,computation
xigala,bury
xigama,commodity
xigosa,brag
xinta,thought
xiqa,action
xirika,agree
xiroxa,arrive
xita,"shaped"
xiva,destroy
xixa,all encompasing thing
xloma,building
xmusana,moose
xofara,horn (instrument)
xoka,copy
xonixa,anxiety
xonoka,brilliant
xoqa,fusion
xorma,shore
xova,know
xozeda,compress
xrabona,bush
xufiva,with depth and in detail
xuga,configure/configuration
xuhuxa,coach
xumeka,birth
xuva,fuel
xuxa,change
ya,y sound
yabexa,around
yagema,broad
yaka,exponent
yakala,wry
yalwena,yahweh
yana,practice/behavior
yapa,all (omni-)
yaqa,non-foundation
yarava,bewilder
yarmala,yawn
yaziba,characteristic
yehuda,praise
yekada,weird
yekasa,block (stand in the way of)
yemuva,borrow
yenuka,assume
yesaza,cold
yesoda,individual
yeva,off
yevufa,apparatus
yexuma,chop
yeyana,arise
yezasa,conflate
yihega,whirl
yihoga,affect
yika,reduce
yikifa,active
yipa,"resembling (-istic)"
yiqa,foundation
yivura,wit
yixola,action
yixuna,class
yiyuka,confront
yobuva,adore
yodiza,charity
yoga,practice of focusing on x (-ism)
yogeda,camp
yoguba,collect
yokina,yum
yorasa,antiquity
yorga,younger
yosuka,abstain
yova,sort
yovesa,west
yovuma,wilt
yoxa,possible
yoxara,upright
yuga,period
yugisa,assess
yuhika,wire
yulexa,approximate
yulova,analogy
yuranza,uranus
yuvola,acute
yuza,use
zadaxa,blend
zafara,victory
zagoma,conclude
zahoga,bread
zakata,purifying agent
zakima,articulate
zaluka,classic (old popular hit)
zaraga,adept
zardona,lizard
zaxefa,circumvent
zaza,fact (something that happened)
zazena,web
zega,because
zena,one
zeno,first
zenu,once
zesoxa,aim
zevafa,bring
zevifa,womb
zexuma,awkward
zeyura,automatic
zibova,clasp
zifova,burly
ziga,equal (iso-)
zihexa,chase
zipa,graph
ziqkapa,zinc
zira,"pertaining to x (pleasantry)"
ziraxa,abduct
zivada,bountiful
zixoma,believe
zohara,splendor
zohixa,blank
zoka,try
zoliva,ball
zonaza,clever
zoreka,winnowing
zorka,transient (passes by impermanently)
zosexa,busy
zoxa,sense
zoxeda,aloof
zoxuma,anonymity
zoyofa,web (internet)
zudaga,wax
zudaxa,age
zuhuza,break (into pieces)
zuka,run
zuliba,climb
zuna,"-wise"
zunoka,wisdom
zuyafa,arrange
zuyama,yellow
,quite
mivaxa,congest (get all blocked up from flowing)
lokoza,congratulate
miguxa,congregate
mavoza,congruence
raviza,conquer (gain control of)
bewasa,conscientious
hobina,consensus
mubeda,consequence
nogiva,conserve
fotapa,consider
debona,consist
kahoxa,console
bafaba,consolidate
sawega,consonant
lemana,constant
zimeva,constellation
hodesa,constitute (internal make up)
soreba,construct
waroda,construe
ludura,consult
gameza,consume
vugesa,contact
lanara,contempt
beyida,content
simasa,contest
hesena,continuum
fageka,contraction
fozixa,contrary
nixova,contrast
niyoba,contribute
mekiva,control
moleba,controversy
bibifa,convect
xikana,convenient
vafiva,convention
gakana,converse
yidoza,convert
gowana,convey
zadava,convince
fudada,convolute
pepuna,cool
vokena,cooperate
lafesa,coordinate
rivega,cope
risuma,corner
fadeba,corny
fuzoga,correct
zofeka,correlation
lolura,correspond
yalika,corrode
mofana,corrupt
sunama,cost
zogosa,counsel
yivuda,couple
lihona,courage
kolaja,course
yikesa,court
huroba,cousin
nukiva,cover
yuheva,covet
hutepa,coward
mudoba,cozy
kuvura,crabby
kifega,crack
nekaka,cranky
komuva,crash
homofa,crave
fixuga,crawl
soyoga,crazy
tubopa,creep
tetana,crest
hukuka,crew
vodiga,crime
dasuba,cringe
zivema,crinkle
damofa,cripple
subefa,criticize
lireba,critique
venava,crooked
rexoka,cross
vekima,crowd
mofada,crown
geyeda,crude
bamoda,cruel
gubiga,cruise
vukada,crumble
fisasa,crumple
kasoka,crush
geyiza,crush (on person)
xuhoka,crust
desasa,cry
yusaxa,crystal
bamala,cubic
sixega,cuddle
mavaga,culminate
funara,cultivate
mufala,culture
tosuta,cumulative
sidoda,cunning
nasosa,curate
yayesa,curb (stop and prevent)
nehafa,curdle
sebufa,cure
xevina,curious
sofifa,curl
humifa,current
zokoba,curse
buxava,cursor
hadola,curtain
viseva,curve
laxoka,cushion
defona,custom (designed)
bugava,custom (practice)
sixoxa,cut
pupiba,cycle
nirona,cylinder
monafa,cynic
vawaba,daily
guweda,dam
yezuda,damage
zuguna,damn
beruma,damp
gusika,dance
zavola,dandy
kiyuka,danger
segeza,dangle
losufa,dare
limiba,dark
haxaga,dashing (stylish)
wegefa,data (processable information)
gumeza,dawn
miyega,day
voreka,daze
lopita,dazzle
pedota,dead
xazuna,deaf
boduba,deal
hivuva,dear
sibura,death
yiyapa,debate
larana,debug
zagefa,debunk
lunina,decay
kofiga,deceive
lokuxa,decent
mebisa,decide
salusa,decimal
vukida,decision
samisa,declare
guxifa,decline
samusa,decorate
huhaba,dedication
hubala,deduct
sayuga,deduce
yakama,deep
lasuna,default
kohiga,defect
daseda,defense
bidara,deficiency
lineba,define
vugeda,deflate
lasara,defrost
narafa,degeneracy
fixava,degrade
bekoka,deja vu
kohoza,delay
ridima,delegate
luwaga,delicate
viwava,delicious
giroxa,delight
lukiza,delightedly
bugaxa,deliver
zayena,delusion
mulaba,demand
leziva,demolish
bibufa,demon
solifa,demonstrate
vavosa,dense
kekusa,deny
zifiza,departure
mexuka,depend
hayura,depict
yirama,deplete
hahuma,depress (push down)
libama,depth
ridora,derive
kiguna,describe
yorisa,desert (leave alone)
sorana,deserve
vagora,design
gehova,designate
xigima,desire
xisika,despair
nuvova,desperate
gevofa,destine
kegena,detail (action)
loloma,detect
yurafa,deteriorate
zirava,determine
yefeka,develop
yuxusa,deviate
ruhusa,device
fomusa,devote
yovona,diagnose
yefoza,diagram
wakida,diameter
penota,die
ronusa,different
fepopa,difficult
riyuda,dig
vuhoka,digest
zukima,digit
demona,dilate
lobeba,diligent
gogina,dim
refama,dimension
fukika,diminish
mexexa,dip
vuvafa,direct
zudava,dirt
fidoma,disadvantage
vidaka,disappoint
sesida,disapprove
mukuka,discern
fosula,disciple
mubafa,discipline
wareda,discord
zevima,discourage
rixaza,discreet
datupa,discrete (vs. continuous)
gahaxa,discriminate
dibola,discuss
yumova,disdain
sigaka,disenchant
buzika,disgrace
rihofa,disguise
mufuma,disgust
lahufa,disk
goluka,dismiss
hizuka,disparate
xosixa,displace
tatena,display
dimema,disposition
fowega,dissect
huzuka,disseminate
fubama,dissipate
loneda,dissolve
bofefa,distancebasada,distinct
kosexa,distort
rohesa,distract
kigoma,distress
pofata,distribute
dopupa,disturb
titoda,dive
lorifa,diverse
xumava,diversion
xaruka,divine
haxaxa,divorce
hazega,dizzy
hisina,do business
vuleka,do without permission
kabaza,docile
warosa,domestic
koyefa,dominate
dudosa,door
dorusa,dot
fivava,double check
humama,doubt
dixuka,down
salida,dowse
bubala,drab
feziga,drag
keyasa,drain
zugema,drama
libaba,draw
ramola,dread
xasaka,dream
risama,drench
voyema,dress
zefaxa,drift
sonuna,drill
giheka,drink
petora,drip
voyuda,drive
yabeva,drone
yugada,drool
fehana,droop
bubeda,drop
hulora,drowsy
lufona,drudgery
dikuga,drug
limeda,drum
vinoga,dry
lowaza,dual
mohofa,dubious
zoyifa,duck (action)
dayoka,ductile
yezisa,due
timata,dull
luzaka,dumb
bagaga,during
doyura,dust
dulada,dwarf
goruxa,dwell
nofesa,dynamic
hufiba,dynamite
domafa,each
yukona,eager
zugida,ear
zuvida,early
loyaga,earn
lefefa,earth
zisuga,east
vusexa,easy
tepafa,eat
fekeka,eavesdrop
bahifa,eclipse
nuxaka,ecstacy
dakeka,edge
sehoda,edit
yezefa,educate
levega,effect
fohola,efficient
sosara,effort
nurona,either
lohada,elaborate
lovuza,elastic
bifesa,elect
papuma,electric
yugura,elegant
leresa,elevate
romama,eliminate
mededa,ellipse
sezeva,elsewhere
hidusa,elusive
ravoxa,embark (begin journey)
demosa,embarrass
vesuga,embed
yorema,embellish
lokoka,emerge
petiba,emit
yoyifa,emotion
vanika,empathy
gizisa,emphasis
vemaka,empiric
bunisa,employ
lokixa,empty
keruza,emulate
puropa,enable
bafula,enact
hofida,encapsulate
yixofa,enchant
lukoga,enclose
daluda,encourage
xiyeba,end
nanona,endeavor (try hard)
xesaga,endorse
zikula,endure
hokaxa,enemy
rudosa,energy
reviga,enforce
mubifa,engage
xeweva,engineer
vekena,enhance
ruxoga,enjoy
nukiga,enlighten
dobula,enough
doveza,enrich
raloma,enroll
rolifa,ensemble
xenuga,enslave
nekika,ensure
kivoma,entangle
yowala,enter
demuma,entertain
toropa,enthalpy
retata,entire
rezaka,entrance
vobeva,entropy
resema,environment
lobana,envoy
sasula,envy
gobexa,ephemeral
nazava,epidemic
tenata,epiphany
fiviga,episode
