molzi,abandon
molziha,abandoned
molzaya,abandonments
fwadi,abbreviate
mwexi,abduct
mwexa,abduction
mibed,ablaze
nanoyotxo,abnormal
nanoyotxaya,abnormalities
nanoyotxa,abnormality
nanoyotxoyo,abnormally
murpo,aboard
nerpi,abolish
froxo,abrasive
lefko,abrupt
lefka,abruption
lefkoyo,abruptly
lefkoxama,abruptness
gafka,absence of desire
txezi,absolve
kwabi,absorb
kwabavana,absorbance
kwabiha,absorbed
kwabovana,absorbency
kwabo,absorbent
kwabiwa,absorber
kwabiho,absorbing
kwaba,absorption
romzi,abstain
swefayoga,abstractionism
bundovana,abundance
bundovanayo,abundancy
bundo,abundant
bundoyo,abundantly
turdo,academic
poqka,accent
poqkiho,accenting
poqkalaso,accentless
poqkawa,accentor
poqkawaya,accentors
poqkaya,accents
poqko,accentual
poqkavanaya,accentualities
poqkavana,accentuality
poqkoyo,accentually
poqki,accentuate
poqkiha,accentuated
poqki,accentuates
poqkiho,accentuating
poqkixama,accentuation
poqkixamaya,accentuations
lispi,accept
lispikano,acceptable
lispivana,acceptance
lispiha,accepted
lispihayo,acceptedly
lispiho,accepting
lispihoxama,acceptingness
dinza,accident
dinzo,accidental
dinzoyo,accidentally
dinzaya,accidents
mwori,acclimate
vrotiha,accompanied
vrota,accompaniment
vrotaya,accompaniments
vrotiwa,accompanist
vrotiwaya,accompanists
vroti,accompany
vrotiho,accompanying
vifti,accomplish
viftikano,accomplishable
viftiha,accomplished
viftiho,accomplishing
vifta,accomplishment
viftaya,accomplishments
vrita,accord
xmizi,account
xmizikana,accountability
xmizikano,accountable
xmizaveda,accountancy
xmiziwa,accountant
xmiziwaya,accountants
xmiziha,accounted
xmiziho,accounting
wifta,accretion
spumi,accrue
mwifi,accumulate
flaqaya,accuracies
flaqo,accurate
flaqoyo,accurately
kwuza,accusation
kwuzaya,accusations
kwuzo,accusatory
kwuzi,accuse
kwuziha,accused
kwuziwa,accuser
kwuziwaya,accusers
kwuziho,accusing
kwuzihoyo,accusingly
wuqki,ache
wuqkiha,ached
glukikano,achievable
gluki,achieve
glukiha,achieved
gluka,achievement
glukaya,achievements
glukiwa,achiever
glukiwaya,achievers
glukiho,achieving
wuqkiho,aching
wuqkihoyo,achingly
lerdi,acknowledge
lerdiha,acknowledged
lerda,acknowledgement
lerdaya,acknowledgements
lerdiho,acknowledging
bwebi,acquire
bwebi,acquire
bwebiha,acquired
bwebiwaya,acquirers
bwebiho,acquiring
bweba,acquisition
bwebaya,acquisitions
gaskiha,acted
gaskiho,acting
gaska,act
gaskakano,actionable
xamzi,activate
xamziha,activated
xamza,activation
xamzo,active
xamzinadoyo,actively
xamziwa,activist
xamziwaya,activists
xamzivanaya,activities
xamzivana,activity
gaskiwa,actor
gaskiwaya,actors
vako-gaskiwa,actress
vako-gaskiwaya,actresses
gasko,actual
gaskoyo,actually
lolzo,acute
ragza,addict
gofti,address
goftikano,addressable
goftiha,addressed
goftaya,addresses
goftiho,addressing
xwamo,adept
tosto,adequate
figzi,adhere
figziha,adhered
figzilena,adherence
figzo,adherent
figziho,adhering
figza,adhesion
figzinado,adhesive
perdo,adiabatic
praxi,adjust
praxikana,adjustability
praxikano,adjustable
praxiha,adjusted
praxiwa,adjuster
praxiwaya,adjusters
praxiho,adjusting
praxa,adjustment
praxaya,adjustments
kwizi,administer
kwiziha,administered
kwiziho,administering
kwizirata,administration
kwizirataya,administrations
kwizinado,administrative
kwiziwa,administrator
kwiziwaya,administrators
zondikano,admirable
zondikanoyo,admirably
zonda,admiration
zondaya,admirations
zondi,admire
zondiha,admired
zondiwa,admirer
zondiwaya,admirers
zondiho,admiring
xizdikana,admissibility
xizdikano,admissible
xizda,admission
xizdaya,admissions
xizdi,admit
xizdiha,admitted
xizdihayo,admittedly
xizdiho,admitting
plisi,adopt
plisiha,adopted
plisiwa,adopter
plisiwaya,adopters
plisiho,adopting
plisa,adoption
plisaya,adoptions
plisinado,adoptive
zulpikano,adorable
zulpirata,adoration
zulpi,adore
zulpiha,adored
zulpiho,adoring
freka,adult
frekanala,adulthood
frekaya,adults
frida,advantage
fridiha,advantaged
frido,advantageous
fridoyo,advantageously
fridaya,advantages
vemda,adventure
vemdiwa,adventurer
vemdiwaya,adventurers
vemdiho,adventuring
vemdo,adventurous
vemdoyo,adventurously
fwaqawo,adversarial
fwaqawaya,adversaries
fwaqawa,adversary
bonzo,adverse
bonzo,adverse
bleva,advice
blevikanaya,advisabilites
blevikana,advisability
blevikano,advisable
blevikuna,advisableness
blevi,advise
bleviha,advised
blevihayo,advisedly
blevaxama,advisement
blevaxamaya,advisements
bleviho,advising
bleviwa,advisor
blevafospaya,advisories
bleviwaya,advisors
blevafospa,advisory
txobixama,advocacy
txobi,advocate
txobiha,advocated
txobiho,advocating
txoba,advocation
txobaya,advocations
txobinado,advocative
txobiwa,advocator
txobiwaya,advocators
nogzo,afar
bwiqa,affair
bwiqaya,affairs
fikda,affect
fikdikana,affectability
fikdikano,affectable
fikdiha,affected
fikdihawixama,affectedness
fikdiho,affecting
fikdihoyo,affectingly
fikdaxama,affection
fikdawixamatevo,affectional
fikdawixamatevoyo,affectionally
fikdaxamo,affectionate
fikdaxamoyo,affectionately
fikdavuliha,affectioned
fikdawixamalaso,affectionless
fikdaxamaya,affections
fikdinado,affective
fikdinadoyo,affectively
xmebi,affirm
xmeba,affirmation
xmebaya,affirmations
xmebinado,affirmative
xembinadoyo,affirmatively
xembiha,affirmed
xembiho,affirming
vurpi,afflict
vurpiha,afflicted
vurpiho,afflicting
vurpa,affliction
vurpaya,afflictions
vurpinado,afflictive
vurpinadoyo,afflictively
yirzi,afford
yirzikana,affordability
yirzikano,affordable
yirziha,afforded
yirziho,affording
xamdo,against
yeska,age
yeskiha,aged
yeskayoga,ageism
yeskalaso,ageless
yeskalasoyo,agelessly
yeskilasa,agelessness
yeskaya,ages
blaqi,aggravate
mifkiha,aggressed
mifkixama,aggression
mifkixamaya,aggressions
mifko,aggressive
mifkoyo,aggressively
mifkovana,aggressiveness
mifkiwa,aggressor
mifkiwaya,aggressors
yeskiho,aging
kundi,agitate
kundi,agitate
kundiha,agitated
kundihayo,agitatedly
kundiho,agitating
kunda,agitation
kundo,agitational
kundaya,agitations
kundinado,agitative
kundiwa,agitator
kundiwaya,agitators
vakras,agony
gluqi,agree
gluqikanaya,agreeabilities
gluqikana,agreeability
gluqikano,agreeable
gluqiwikuna,agreeableness
gluqikanoyo,agreeably
gluqiha,agreed
gluqiho,agreeing
gluqa,agreement
gluqaya,agreements
xmolo,ahead
beqki,aim
beqkiha,aimed
beqkiho,aiming
beqkilaso,aimless
beqkilasoyo,aimlessly
xispa,air
xispiha,aired
xispoyo,airily
xispiho,airing
xispanezda,airport
xispo,airy
blebi,alarm
blebiha,alarmed
blebiho,alarming
blebihoyo,alarmingly
blebiwa,alarmist
blebaya,alarms
tunzi,alert
tunziha,alerted
tunziwa,alerter
tunziwaya,alerters
tunziho,alerting
tunzixama,alertness
maspa,algorithm
maspo,algorithmic
maspoyo,algorithmically
farza,alien
farziha,alienated
farziho,alienating
farzixama,alienation
vrebavana,allegiance
vrebavanaya,allegiances
vrebazira,allegiant
vrebiho,alleging
nalto,almighty
geqko,aloof
sulzo,aloud
vorpa,alphabet
vloxo,already
pluni,alter
pluniho,altered
sirdo,altogether
wutxo,altruistic
plasi,amaze
plasiha,amazed
plasihayo,amazedly
plasa,amazement
plasiho,amazing
plasihoyo,amazingly
yomuv,ambiguous
swuto,ambitious
bwopo,amphibian
spafa,amplitude
gamzi,amuse
xmaqo,analogical
xmaqaya,analogies
xmaqa,analogy
gispiho,analysing
gispa,analysis
gispawa,analyst
gispo,analytic
gispovano,analytical
gispovanoyo,analytically
gispi,analyze
blovo,ancient
blovoyo,anciently
heqka,anger
heqki,anger (action)
heqkiha,angered
heqkiho,angering
heqkoyo,angrily
heqko,angry (feature)
slani,announce
slaniha,announced
slana,announcement
slaniwa,announcer
slaniwaya,announcers
slaniho,announcing
sordi,annoy
sordiha,annoyed
sordiho,annoying
sordawa,annoying and irritating person
sordihoyo,annoyingly
yisko,annual
yiski,annualise
yiskiha,annualised
yiskoyo,annually
xorni,annul
xorniha,annulled
xorna,annullment
slanixama,annunciation
slanixamaya,annunciations
soqkiya,anointed one
xorzoxama,anonymity
xorzo,anonymous
xorzoyo,anonymously
numza,answer
numzikano,answerable
numziha,answered
numziho,answering
drogeg,antecedent
xmuda,antiquity
toqka,anxiety
toqko,anxious
toqkoyo,anxiously
toqkoxama,anxiousness
vliqo,apart
burpa,apparatus
xmigo,apparent
xmigoyo,apparently
slaxi,appeal
slaxikano,appealable
wislaxikano,appealable
slaxiha,appealed
slaxiho,appealing
slaxiho,appealing
slaxihoyo,appealingly
slaxihoyo,appealingly
pirpi,appear
pirpivana,appearance
pirpa,appearance (an appearance)
pirpiha,appeared
pirpiho,appearing
suftitula,appliance
suftikana,applicability
suftikana,applicability
suftikano,applicable
suftiwa,applicant
sufta,application
suftiha,applied
sufti,apply
suftiho,applying
trazi,appoint
traziha,appointed
traziho,appointing
traza,appointment
srimi,appreciate
srimiha,appreciated
srimiha,appreciated
srimiho,appreciating
srima,appreciation
sriminado,appreciative
sriminadoyo,appreciatively
korpi,approach
korpikana,approachability
korpikano,approachable
korpikano,approachable
korpiha,approached
korpiho,approaching
pleka,approval
pleki,approve
plekiha,approved
plekiho,approving
plekihoyo,approvingly
kwati,approximate
mofko,arcane
sluva,arch
swovikanoyo,arguably
swovi,argue
swoviha,argued
swoviho,arguing
swovinado,argumentative
roski,arise
dwaxo,aromatic
dwaxa,aromaticity
rundo,around
twiki,arouse
snemi,arrange
snemiho,arranged
snema,arrangement
snemiha,arranging
smuxa,arrest
smuxi,arrest (action)
smuxiha,arrested
smuxiwa,arrester
smuxiho,arresting
furda,arrival
furdi,arrive (action)
furdiha,arrived
furdiho,arriving
krogovana,arrogance
krogo,arrogant
krogi,arrogant (action)
fwemi,articulate
netxor,ascertain
smiro,ashamed
fezdi,ask
fezdiha,asked
fezdiho,asking
metxa,assemblage/assembly
metxiha,assembled
metxiwa,assembler
metxiho,assembling
zaspi,assert
zaspiha,asserted
zaspiho,asserting
zaspa,assertion
zaspinado,assertive
zaspinadoyo,assertively
zaspinada,assertiveness
snoti,assess
snotiha,assessed
snotiho,assessing
snota,assessment
yordi,assist
yordivana,assistance
yordiwa,assistant
yordixama,assistantship
yordiha,assisted
yordiho,assisting
kerdi,associate
kerdiha,associated
kerdiho,associating
kerdixama,association
kerdinado,associative
xuvaf,assumed
gevrol,assuming
yazesk,assumption
kretivana,assurance
kreti,assure
kretiha,assured
kretihayo,assuredly
kretiho,assuring
kweto,atmospheric
vriki,atone
virkiha,atoned
virka,atonement
virkiho,atoning
malpi,attach
malpikano,attachable
malpiha,attached
malpiho,attaching
malpa,attachment
xuzdi,attack
xuzdiha,attacked
xuzdiwa,attacker
xuzdiho,attacking
vlegi,attain
vlegikano,attainable
vlegiha,attained
vlegiho,attaining
vlegixama,attainment
broki,attempt
brokiha,attempted
brokiho,attempting
lumzi,attend
lumzivana,attendance
lumziha,attended
lumziha,attended
lumziwa,attendee
lumziho,attending
lumza,attention
lumzanado,attentive
lumzanada,attentiveness
mirzo,auditory
xwaza,aura
vlubiwa,author
gwago,automatic
gwagoyo,automatically
gwaga,automation
gumzivana,availability
gumzo,available
gumza,availableness
vlida,aversion
vlidi,avert
vlidiha,averted
vlidiho,averting
xitxi,avoid
xitxakano,avoidable
xitxakano,avoidable
xitxakanoyo,avoidably
xitxivana,avoidance
xitxiha,avoided
xitxiho,avoiding
kaqko,away
gordo,awesome
braso,awful
brezo,awkward
terzi,baffle
terziha,baffled
terza,bafflement
terziwa,baffler
terziho,baffling
terzihoyo,bafflingly
befid,baggy
yardiho,baising
malen,bait
fumzavana,balance
balta,ball
musnem,bang
saspa,battle
bitxa,beach
firzi,beam
firziha,beamed
firzoyo,beamily
firziho,beaming
grumafolo,beautiful
gruma,beauty
lirzo,become
vrifi,beg
vrifiwa,beggar
vrifiha,begged
vrifiho,begging
hando,behind
trema,being
blifikana,believability
blifikano,believable
blifikano,believable
blifikanoyo,believably
blifi,believe
blifiha,believed
blifiwa,believer
blifiwa,believer
blifiho,believing
blifihoyo,believingly
bruti,belong
txema,beloved
spuxo,beneath
frado,beneficial
fradiyo,beneficially
fradiya,beneficiary
fradiha,benefitted
fradiho,benefitting
fazdi,bet
yaqesk,beware
noski,beware
fortev,bewilder
txiso,beyond
yarda,bias
yardi,bias (action)
yardiha,biased
klona,bind
pamza,birth
trupo,bitter
blema,blame
blemi,blame (action)
blemiha,blamed
nanoblemi,blameless
nanoblemilasoyo,blamelessly
blemiho,blaming
snaxo,bland
gruno,blank
gruniho,blanking
grunoyo,blankly
bliko,bleak
blendi,blend
blendiha,blended
blendiwa,blender
blendiwaya,blenders
blendiho,blending
blinda,blindness
blisa,bliss
blaki,block (stand in the way of)
blakiha,blocked
blakiwa,blocker
blakiho,blocking
brafi,blow
brafiwa,blower
brafiho,blowing
zefka,bluff
zefkiha,bluffed
zefkiho,bluffing
zefkoyo,bluffly
hamuft,blunted
vufuv,blunting
basnan,bluntly
dirend,bluntness
vifki,board
vifkiha,boarded
vifkiwa,boarder
vifkiho,boarding
ditxiha,boiled
ditxiwa,boiler
ditxiho,boiling
boldo,bold
boldoyo,boldly
boldoxama,boldness
bolta,bolt
bolti,bolt (action)
boltiha,bolted
boltiwa,bolter
boltiho,bolting
banda,bond
wospaq,bootstrap
naska,border
vrovi,bore
vroviha,bored
vroviha,bored
vroviho,boring
vrovihoyo,boringly
gloti,born
zomzi,borrow
flekag,bother
pigzi,bounce
gweqo,bouncy
blora,boundary
bloralaso,boundless
bloralasoxama,boundlessness
troloyo,bountifully
bragi,brag
brena,brain
brenalasoyo,brainlessly
breno,brainy
prava,brake
xmuqa,branch
kefkoyo,brashly
brevo,brave
rofta,bread
breki,break (into pieces)
brekikano,breakable
sluxi,breathe
gamdi,breed
briza,breeze
bribi,bribe
klaga,bridge
brifo,brief
brifoyo,briefly
plogo,bright
biqko,brilliant
briqi,bring
briti,brittle
brado,broad
breko,broken
brekoyo,brokenly
nimda,brother
bluba,bubble
blubi,bubble (action)
bildi,build
bildiha,building
faspa,bulk
faspo,bulk
faspoyo,bulkily
tiskup,bumble
bampa,bump
bampi,bump (action)
bampoyo,bumpily
bampo,bumpy
nuqkem,buoyant
burlo,burly
griqi,burn
griqiho,burnt
nonzi,burst
glodi,bury
durto,bustling
fripo,busy
varto,but
vliti,buy
vlita,buy (object)
timdi,calculate
wordi,call
glupi,calm
glupiha,calming
kampa,camp
kampi,camp (action)
kanzi,cancel
kanziho,cancelled
twega,cap
krofo,capable
krofa,capacity
vrubo,captive
trugi,capture
truga,capture (object)
dwuro,cardinal
hurda,care
hurdalaso,carefree
hurdafalo,careful
hurdalaso,careless
hurdo,caring
grafi,carry
snoni,cast (mold)
snona,cast (object)
weqki,catalyze
gurpoyo,categorical
gurpa,category
snuda,ceiling
fanda,cell
fozdo,central
fozdoyo,centrally
xezdak,centrically
sano,certain
sana,certainty
txera,chair
gunda,challenge
gundi,challenge (action)
gundihoyo,challengingly
sista,channel
fugzi,chant
txari,char (burn to a crisp)
durzo,character traits
durzo,characteristic
durzoyo,characteristically
durzi,characterize
tugzi,charge
smuva,charity
txarma,charm
txarmo,charming
txarmoyo,charmingly
trana,chart
txesi,chase
ferdo,chaste
ferdi,chastity
txati,chat
gafto,cheap
txiti,cheat
pruli,check
blapoyo,cheekily
blapo,cheeky
vriga,cheer
vrigafalo,cheerful
vrigoyo,cheerily
sposa,chemical
lolti,chew
fufto,chilly
twuga,chime
smolol,chipper
plunom,chivalrous
xesta,choice
xesto,choice (feature)
xestoyo,choicely
txoko,choke
xesti,choose
txapi,chop
txapa,chop (object)
txapoyo,choppily
txapo,choppy
barpo,chubby
minda,circle
dwisa,circuit
mindo,circular
mindoyo,circularly
xuski,circulate
twevi,circumvent
mwoga,citation
vlapi,claim
basosp,clammy
yolti,clarify
grika,class
sluga,classic
slugo,classical
slugowa,classicalist
slugoyo,classically
griko,classy
yuqki,clean
yolti,clear
dusto,clever
dustoyo,cleverly
kliki,click
klika,click (object)
fliki,climb
flogiho,clinging
xwufi,clip
bruni,cloud (make hard to see)
brunoyo,cloudily
bruno,cloudy
sorpa,club
taftalaso,clueless
brapo,clumsy
spaki,cluster
xarziha,cluttered
zuska,coach
smimoyo,coarsely
kosta,coast
xerza,coat
pofta,coil
kutxo,cold
kutxa,coldness
lapsi,collapse
fitxi,collect
fitxa,collection
fitxinadoyo,collectively
fwuki,collide
fliga,color
fligafalo,colorful
vlula,column
sestavana,combinatorial
sesti,combine
xosta,combustion
vigzi,come
klovikano,comfortable
klovakana,comfortableness
klovakanayo,comfortably
klovoyo,comfortingly
grefa,command
sigza,comment
muzdi,commit
travo,common
vluri,communicate
wezdikano,comparably
wezdi,compare
wezda,comparison
ziqitx,compass
wezda,compassion
drudi,compensate
druda,compensation (payment for work)
birzi,compete
vrara,competence
kwusa,compile
pendi,complain
plesi,complement
plesovana,complementarity
wugzo,complex
sonus,compliant
murta,compost
gwepa,compound
pluli,comprehend
nefam,comprehensible
panzi,compress
suspo,computational
pyuti,compute
pyuta,compute (object)
glisa,computer
tromi,conceal
troma,concealment
gwebi,conceive
bloti,concentrate
landud,concept
rinafk,conceptualistic
kefiv,conceptuality
dorti,concern
dortiha,concerned
dortiho,concerning
txoli,conclude
yafto,concrete (solid idea)
farsa,condensate
farsa,condensation
farsi,condense
grozikano,conditionable
grozovana,conditionality
grozovana,conditionality
groziho,conditioning
froni,conduct
froniwa,conductor
pomdi,confer
klafig,conference
motxa,confession
suski,confide
suskihayo,confidingly
smosi,confine (limit within a space)
vlixi,confirm
smupi,conflate
lofki,conflict (action)
gimdug,confounding
klomi,confront
kluzi,confuse
demzi,congest (get all blocked up from flowing)
mespa,congratulation
mespi,congratulate
lufti,congregate
lufta,congregation
fumda,congruence
logzi,conjugate
logza,conjugation
ploli,conquer
fusto,conscientious
xenda,consensus
xwisa,consequence
xwiso,consequent
txiqi,conserve
zufki,consider
plebof,consist
greko,consistent
kladi,console
frogi,consolidate
traka,consonant
frobo,constant
vruza,constellation
twina,constituent
pragi,constitute (internal make up)
praga,constitution
praginado,constitutive
kwefi,construct
kwefayoga,constructionism
kasrik,construe
zorzi,consult
zorza,consultation
xmori,consume
blini,contact
hefka,contempt
tenta,content
yunda,contest
girda,continuum
plutozira,contractionary
dimdo,contrary
dimdoxama,contraryness
spota,contrast
dremi,contribute
froqi,control
froqiho,controlling
fobrub,controversy
mwadi,convect
mwada,convection
gweko,convenient
darpa,convention
darpovana,conventionality
mwiri,converse
kanvixama,conversion
kanvi,convert
bleri,convey
gafkig,convince
trikus,convincing
tomdo,convolute
kormo,cool
kwapi,cooperate
kwapo,cooperative
vunzi,coordinate
grivi,cope
truza,corner
zigzo,corny
xatxo,correct
xatxa,correction
xatxoxama,correctness
fruxa,correlation
fruxa,correlation
fruxoyo,correlatively
rulti,correspond
rultiha,corresponding
gregi,corrode
grega,corrosion
wolti,corrupt
woltikano,corruptable
woltikanoyo,corruptibly
wolta,corruption
woltoyo,corruptly
varpi,cost
txasa,counsel
mweziha,coupling
gorpa,courage
gorpo,courageous
sniva,course
plaza,court
glafa,cousin
xmogi,cover
pligo,covetous
flivo,cowardly
zifko,cozy
kwugo,crabby
truqi,crack
gegord,cradle (hold like baby)
kreqko,cranky
trezi,crash
siski,crave
siskiho,craving
kraliho,crawling
tirzo,crazy
yirdoyo,creakily
yirdo,creaky
kripi,creep
kripoyo,creepily
kripiho,creeping
kripihoyo,creepingly
kripo,creepy
duski,crest
xerta,crew
snufa,crime
snufiwa,criminal
snufovana,criminality
puski,cringe
pusko,cringey
fruga,crinkle
rudrin,cripple
smego,crisp
dosti,criticize
haspi,critique
xmivo,crooked
negzo,cross
kroda,crowd
krodi,crowd (action)
krodiha,crowded
xorpa,crown
desto,crude
fafto,cruel
kruzi,cruise
kruza,cruise (object)
gosti,crumble
fexort,crumple
ximda,crush
palta,crush (on person)
mimza,crust
mimzo,crusty
paqki,cry
paqkiho,crying
pruqa,crystal
pruqi,crystalize
pruqixama,crystallization
kwubo,cubic
kwuboyo,cubicly
trudi,cuddle
groki,culminate
pinza,cultivate
kulto,cultural
kultoyo,culturally
vinzeg,cumulative
trono,cunning
tronoyo,cunningly
tropi,curate
gwafi,curb (stop and prevent)
lirtes,curdle
vloki,cure
fwalo,curious
kurli,curl
kurlo,curly
treso,current
tresoyo,currently
hurta,curse
spida,cursor
bloqa,curtain
poski,curve
poskiha,curved
posko,curvy
txefa,cushion
kwoxo,custom (designed)
grevi,custom (practice)
grevo,customary
wazdi,cut
klifa,cycle
druvez,cyclically
twona,cylinder
twona,cylinder
drofawa,cynic
drofo,cynical
drato,daily
ploba,dam
dalmi,damage (action)
dalma,damage (object)
dalmiha,damaged
dalmiho,damaging
magzi,damn
glolo,damp
kimda,dance
kimdaya,dancer
nuspoyo,dandily
nuspo,dandy
rufka,danger
rufko,dangerous
sugzi,dangle
drogi,dare
droga,dare (object)
drogiho,daring
drogihoyo,daringly
kruno,dark
kruna,darkness
nazdo,dashing (stylish)
buqka,data (processable information)
xomda,dawn
drata,day
kloxi,daze
vetxi,dazzle
vetxiho,dazzling
prato,dead
pratoyo,deadly
darfo,deaf
darfi,deafen
darfiho,deafening
darfa,deafness
proxa,deal
lurto,dear
lurtoyo,dearly
prata,death
sraki,debate
memdi,debug
twosi,debunk
dumdi,decay
slefi,deceive
yugzo,decent
drixi,decide
glata,decimal
drixaxama,decision
krigi,declare
fweni,decline
globi,decorate
nafta,dedication
lerzi,deduct
lerzavano,deductive
preno,deep
prenoyo,deeply
gemza,default
xweza,defect
xwezi,defect
pitxi,defend
pitxa,defense
driga,deficiency
xmubi,define
feholt,definition
xispatapi,deflate
frastatapi,defrost
mwata,degeneracy
vespi,degrade
vraza,deja vu
surda,delay
surdi,delay (action)
fofki,delegate
fulto,delicate
flazo,delicious
slugi,delight
slugihayo,delightedly
yatxi,deliver
yatxa,deliverance
samsi,delude
samsixama,delusion
vruqi,demand
vruqiho,demanding
nobrin,demolish
lafka,demon
mafti,demonstrate
hulpo,dense
hulpa,density
namdi,deny
lirpo,departure
kwoti,depend
kwoto,dependent
kwota,dependent (object)
kwotoyo,dependently
vliri,depict
lumdi,deplete
slubi,depress (push down)
sluba,depression
sluba,depression
fredo,depth
hifkixama,derivation
hifki,derive
hifki,derive
xmusi,describe
samzi,desert (leave alone)
samziha,deserted
suqki,deserve
koqki,design
gwezi,designate
gwezi,designate
frumikano,desirable
frumikanoyo,desirably
frumi,desire
graki,despair
duzdo,desperate
duzdoyo,desperately
xmuna,destination
xmuna,destination
salpi,destine
troki,detail (action)
trokiha,detailed
kradi,detect
kradiwa,detective
pludi,deteriorate
klarikana,determinacy
klara,determination
klari,determine
klariha,determined
legzus,develop
twafi,deviate
rista,device
nibros,devotion
slovo,devout
seski,diagnose
sledo,diagram
prona,diameter
sroli,die
zurdo,different
zurda,differential
kolto,difficult
koltoyo,difficultly
sufki,dig
fredi,digest
horta,digit
hortoyo,digitally
yoqki,dilate
wamdoyo,diligently
glako,dim
glaki,dim (action)
slova,dimension
gredo,diminish
sledi,dip
slipi,direct
slipihaxama,directedness
slipa,direction
kweza,dirt
kwezoyo,dirtily
kwezo,dirty
nanofrida,disadvantage
nanofridiha,disadvantaged
nanofrido,disadvantageous
nanofridaya,disadvantages
txovi,disappoint
nanopleki,disapprove
nanoplekiha,disapproved
nanoplekiho,disapproving
nanowiplekihoyo,disapprovingly
tradi,discern
vulziwa,disciple
gerpo,disciplinary
gerpi,discipline
smuza,discord
borzi,discourage
glefo,discreet
wemzo,discrete (vs. continuous)
rutxi,discriminate
kwuni,discuss
kwuna,discussion
fulpi,disdain
drika,disenchantment
kliti,disgrace
tutxi,disguise
grosi,disgust
grosiha,disgusted
grosafaloyo,disgustfully
grosiho,disgusting
snisa,disk
nifki,dismiss
kondo,disparate
smeri,displace
mofti,display
firda,disposition
gloki,dissect
twusi,disseminate
vatxi,dissipate
lirdi,dissolve
stanta,distance
stanto,distant
stantoyo,distantly
lamdo,distinct
zozdi,distinguish
glebi,distort
gitxi,distract
gitxihayo,distractedly
gitxiho,distracting
gitxihoyo,distractingly
senzi,distress
vadrix,distribute
vemdi,disturb
druqi,dive
kizdo,diverse
kizdi,diversify
kizda,diversion
kizdovana,diversity
zafto,divine
zafta,divinity
brodi,divorce
vuzdoyo,dizzily
vuzdo,dizzy
glori,do business
smopi,do without permission
pluvo,docile
sredo,domestic
sredoyo,domestically
sredi,domesticate
ninzi,dominate
ninzixama,domination
prasa,door
bemda,dot
vimdi,double check
porpa,doubt
klodo,down
satxis,dowse
rubin,drab
gozdi,drag
dradi,drain
dramo,dramatic
draqi,draw
draqa,drawing (object)
gluta,dread
glutafaloyo,dreadfully
drimi,dream
wuplok,drench
herdi,dress
hadeft,drift
sulzi,drill
zogzi,drink
halpi,drip
snexi,drive
snexa,drive (object)
drona,drone
yovasp,drool
ximzag,droop
krexi,drop
rasko,drowsy
manza,drudgery
druga,drug
droma,drum
dromi,drum (action)
bosko,dry
boski,dry (action)
boskoyo,dryly
domdo,dual
domda,duality
grobuz,dubious
polzi,duck (action
xorno,ductile
xmita,due
blaro,dull
plono,dumb
drozo,during
kafara,dust
wanda,dwarf
bwiki,dwell
wirdo,dynamical
vanza,dynamite
smeko,each
sruqo,eager
sruqi,eager (action)
wanza,eagle
seqka,ear
txevomaro,earlier
txevo,early
vemzuq,earning
liyuf,earth
kumpadosa,east
kumpadoso,eastern
parpo,easy
snuzi,eat
snuzikano,eatable
snuziho,eating
giqki,eavesdrop
swopa,eclipse
volpa,ecstacy
snusa,edge
snuso,edgy
volziha,edited
txiki,educate
txikiha,educated
txikixama,education
yurdi,effect
yurdovano,effective
yurdovanoyo,effectively
yurdo,effectual
yurdoyo,effectually
kruqoyo,efficaciously
greba,efficiency
grebo,efficient
greboyo,efficiently
werzalaso,effortless
drevo,either
xwiri,elaborate
gotxo,elastic
gotxoyo,elastically
frani,elect
franixama,election
pruko,electric
prukzo,electronic
luspo,elegant
xmiqi,elevate
limpi,eliminate
limpixama,elimination
lipsa,ellipse
lipso,elliptic
lipsoyo,elliptically
dumzo,elsewhere
mogort,elusive
rifiraspa,embark (begin journey)
lukog,embarrass
paspi,embarrass
paspihoyo,embarrassingly
harmi,embed
kopliv,embellish
humzi,emerge
mwiva,emission
mwivi,emit
yinda,emotion
yindo,emotional
yindo,emotionalistic
yindoyo,emotionally
dotxa,empathy
perza,emphasis
fofto,empirical
brupi,employ
kwedo,empty
xutxi,emulate
vrumi,enable
begzi,enact
gledi,encapsulate
yoski,enchant
yoskiho,enchanting
plida,enclosure
korxi,encourage
korxa,encouragement
korxiho,encouraging
fira,end
firi,end (action)
txaki,endeavor (try hard)
firilaso,endless
firilasoyo,endlessly
tarti,endorse
fruti,endure
hirpa,enemy
treva,energy
lurpi,enforce
lurpa,enforcement
wulpi,engage
wulpa,engagement
yaltiwa,engineer
tune,english
malti,enhance
krini,enjoy
krinikano,enjoyable
ligza,enlighten
prigo,enough
wotxi,enrich
txami,enroll
fiski,ensemble
ferziha,enslaved
vefti,ensure
fwura,entanglement
vlibi,enter
negzi,entertain
negxiho,entertaining
negxihoyo,entertainingly
gorza,enthalpy
norzo,entire
norzoyo,entirely
klula,entrance
vrafa,entropy
donza,environment
baska,envoy
slati,envy
gulzo,ephemeral
bunotx,epidemic
slita,epiphany
mazda,episode
laqko,equal
laqkoyo,equally
blava,equanimity
laqki,equate
laqkixama,equation
smaga,equilibrium
birta,equity
swuma,equivalence
swumo,equivalent
hirdikano,erasable
hirdi,erase
fomdo,erect
gegzo,ergo
nomzuf,error
vrali,escalate
skepi,escape
menda,essence
zulzayoga,essentialism
nundi,establish
srasa,esteem
bidarp,estimation
lorpa,etcetera
nufko,eternal
pranaya,ethics
salza,ethnicity
kreka,euphoria
vlasi,evaluate
spipi,evaporate
vruka,eve
muska,evening
yinza,event
yinzafalo,eventful
tarpo,ever
tando,everywhere
xalza,evidence
xalzo,evident
gwavi,evoke
moska,evolution
moksoyo,evolutionarily
moski,evolve
golto,exact
ramdi,exaggerate
swori,exalt
krusi,examine
boviz,example
puspi,excavate
talzi,exceed
zefto,excellent
zeftoyo,excellently
zizdo,except
zizdoxama,exception
zizdoxamakano,exceptionable
zizdoxamovana,exceptionality
wurda,excess
pozdi,exchange
kisti,excites
plozi,exclude
plozixama,exclusion
frudi,excuse
fruni,execute
fruniwa,executive
harto,exempt
xeqka,exercise
kwuxi,exert
guski,exhaust
guskinado,exhaustive
guskinadoyo,exhaustively
kenzi,exhibit
kafki,exist
kafkixama,existence
kafkixamo,existential
gasto,exotic
srisi,expand
srisixama,expansion
netxi,expect
netxixama,expectation
netxiho,expecting
netxihoyo,expectingly
fesko,expensive
kesta,experience
kesto,experiential
spiro,experimental
spiroyoga,experimentalism
spiroyo,experimentally
spiri,experimentation
spiriwa,experimenter
taspawa,expert
xmugi,expire
spleni,explain
splena,explanation
vluno,explicit
vlomi,explode
kaski,exploit
prumixama,exploration
srifif,exponent
dranem,exponential
kloki,expose
klokixama,exposition
flusa,expression of intense feeling
xwapo,exquisite
fludi,extend
fludixama,extension
yisto,external
smepo,extinct
yusti,extinguish
nirvi,extinguish (put out)
fendi,extract
fenda,extract (object)
bamulp,extrapolate
golzo,extreme
swafi,eye
xmani,fabricate
tinzo,fabulous
tinzoyo,fabulously
smomi,face
snaga,face/surface
vrosoyo,facially
zofti,facilitate
srula,factorial
srula,factorial
broba,factory (making place)
lakik,faculty
borpi,fade
borpiha,faded
borpihayo,fadedly
sanzi,fail
zespi,faint (air)
fento,faint (visibility)
fentoyo,faintly
srapo,fair (equal)
blega,faith
blegafalo,faithful
txavi,fake
slofi,fall
twiva,fallacy
prido,familiar
prida,familiarity
pridoyo,familiarly
miqka,family
seborp,famous
muspod,famously
fruso,fancy
yirto,fantastic
yirtoyo,fantastically
txuba,fantasy
nemdo,far
nemdomaro,farther
nemdomiso,farthest
modeta,fashion
gropo,fast
nurti,fasten
gropomiso,fastest
nirpiho,fasting
vozdo,fat
fetalo,fatal
fetaloyo,fatally
prufi,fate
prufa,fate/predestiny
potxa,father
vozdoyo,fatly
deqka,fault
degko,faulty
hista,favor
histakano,favorable
firna,fear
firni,fear (action)
firnafalo,fearful
firnalaso,fearless
hitxa,feast
porda,feature
flidi,feed
geyesk,fence
xofti,fend
fastovana,ferocity
drexo,fertile
drexi,fertilize
slivi,fetch
wamza,fiber
fikxa,fiction
kifti,fiddle
smoni,fidget
filda,field
glalo,fierce
solti,fight
mesti,figure out
smapa,file
defki,fill
kriso,filth
krisoyo,filthy
klazo,final
zospa,finance
txofi,find
mugzo,fine
mugzoyo,finely
zitxa,finger
xemzi,finish
genza,fire
firmo,firm
firma,firmness
drupa,fish
birda,fission
yulpo,fit
yulpomiso,fittest
zunzi,fix
sluxoyo,flabbily
sluxo,flabby
grexa,flag
brita,flake
flatxi,flash
fluza,flask
flato,flat
flatoyo,flatly
bwiri,flaunt
glara,flavor
naspi,flee
zatxa,flesh (life material with nerves)
treki,flex
flifo,flexible
fwaki,flick
sniriflintx,flinch
xwibi,flirt
floti,float
flaki,flock
flaka,flock (object)
wemda,flood
morta,floor
dorpi,flop
dorpoyo,floppily
dorpo,floppy
bliti,floss (clean between)
txufi,flow
flora,flower
palzi,fluctuate
bweki,fluff
sriko,fluid (flowable)
srikoyo,fluidly
hespi,flunk
xarda,flurry
droli,flush
flati,flutter
flatiho,fluttering
mwusa,flux
bofka,fly
bufkiho,foaming
bufkihoyo,foamingly
vrada,fog
slali,fold
vlara,folk
flomi,follow
flomiwa,follower
flomiho,following
rafto,fond
smama,food
nabala,fool
nabalo,foolish
sraso,for
trisi,forbid
triso,forbidden
zofka,force
pulzo,fore
groti,forecast
nendo,foreign
pulzomiso,foremost
vroni,foresee
softo,forever
vusti,forge
droka,forgery
yulzi,forget
nondi,forgive
nondixama,forgiveness
yemda,fork
forma,form
lebem,formal
sirzi,formalize
vripa,formation
vripa,formation
wuspo,former
gloxa,formula
twaqi,forsake
sizok,forte
pruxo,forth (from this time forward)
nenza,fortune
nozdo,forwards
vimza,fossil
kwiro,foul
krezi,found
frita,foundation
barta,fountain
tunda,fraction
purpo,fragile
kerpa,fragment
foqko,fragrant
foqkoyo,fragrantly
tiqko,frantic
friki,freak (scare)
graxo,free
graxodoma,freedom
derta,freelance
frizi,freeze
friziho,freezing
kwenoxama,frequency
kweno,frequent
kwenoyo,frequently
frexo,fresh
frexoyo,freshly
xwaba,friction
frinda,friend
frindo,friendly
frindaxama,friendship
pradiho,frightened
trala,fringe
sreqi,frolic
fromo,from
yimdo,front
kofki,froth
denzo,frothy
ropran,fruitful
kwali,frustrate
kwaliho,frustrating
yefki,fry
sogza,fuel
sroni,fume
kanda,fun
kwasa,function
kwasoyoga,functionalism
kwasoyogo,functionalistic
kwasoxama,functionality
kwasoyo,functionally
xwofo,fundamental
xwofoya,fundamentals
fonda,funnel
smemoyo,funnily
smemo,funny
furmo,furious
rofta,furrow
kusto,further
furma,fury
fyuzi,fuse
sumza,fusion
sluqi,fuss
sluqoyo,fussily
sluqo,fussy
spuva,futile
mardab,future
smizoyo,fuzzily
smizo,fuzzy
taspi,gain
taspa,gain (object)
taspafalo,gainful
taspafaloyo,gainfully
gruti,gamble
dirda,game
dirdayo,gamely
bloga,gap
bluti,gape
blutiho,gaping
kwona,gas
xmala,gate
mulzi,gather
slufo,gaudy
vroxa,gauge
xurto,gaunt
sizdo,gawky
dwesi,gaze
krala,gear
refka,gem
duspa,gender
glaqo,general
glaqaxama,generality
glaqa,generalization
glaqiha,generalized
smasi,generate
kragovana,generosity
krago,generous
kragoyo,generously
vroga,genius
lezdo,gentle
zulto,genuine
horda,germ
txega,gesture
vemzo,ghastly
yofta,giant
xisko,giddy
gifta,gift
giftoyo,giftedly
grigo,gigantic
grigoyo,gigantically
pespa,girdle
brama,gist
kluti,give
pogzo,glad
pogza,gladness
kroniq,glamorous
bleki,glance
gleri,glare
gleriho,glaring
glerihoyo,glaringly
glimi,gleam
glimo,gleaming
smixafaloyo,gleefully
xenzi,glide
txuki,glimpse
higzi,glisten
gluma,gloom
glumoyo,gloomily
glumo,gloomy
gloro,glorious
gloraxama,gloriousness
glora,glory
botxo,glossy
gloni,glow
gloniho,glowing
buspa,glue
srobi,gnaw (continuously chew)
prisi,go
trumi,goad
branayowixama,godliness
branayo,godly
xmura,gold
xmuro,golden
zardo,good
sligo,goofy
gorko,gorgeous
gorkoyo,gorgeously
tamzi,gossip
kraqi,govern
kraqadoma,government
grabi,grab
graba,grab (object)
gresi,grace
gresa,grace (object)
greso,gracious
trufi,grade
flovo,gradual
gradi,graduate
mefti,graft
grando,grand
grandoyo,grandly
fimzi,grant
faski,grasp
grasa,grass
klupi,grate
kwumafalo,grateful
gravi,gravitate
gravixamo,gravitational
grava,gravity
zarpi,graze
hundo,greasy
greto,great
gretomaro,greater
gretomiso,greatest
flema,greed
flemayo,greedily
flemo,greedy
gwazi,greet
grifixama,grievance
grifi,grieve
grifiho,grieving
sloli,grill (ask a lot of questions)
grimo,grim
lerta,grime
grimoyo,grimly
lerto,grimy
grina,grin
grini,grin (action)
drifi,grind
snaqi,grip
xarpo,gritty
bafti,groan
xmuvi,groom
gruva,groove (in space)
purdi,grope
purdihoyo,gropingly
kugzo,grossly
srixa,ground
gospa,group
smori,grovel
vlepi,grow
vlepa,growth
vlevo,grubby
berza,grudge
txisa,gruel
mumzi,grumble
muspo,grumpy
tumdi,grunt
garna,guarantee
garni,guarantee (action)
gardi,guard
gesta,guest
lalti,guide
hurza,guile
galta,guilt
galti,guilt (action)
galtoyo,guiltily
galto,guilty
qasmog,gullible
wizdi,gulp
vrisi,gush
nosta,gut
yolzi,guzzle
prapi,gyrate
vafta,habit
lalpa,habitat
blixi,hack
yulti,haggle
blika,half
smoqa,hall
zandi,hallucinate
xuqka,halogen
narpiho,halting
liska,hand
liskoyo,handily
yonda,handle
lisko,handy
brati,hang
bratiho,hanging
druli,happen
druli,happen
harpohi,happily
harpa,happiness
harpo,happy
keqki,harass
kendo,hard
kendoyo,hardly
kispi,harm
kispafalo,harmful
kispafaloyo,harmfully
kispilaso,harmless
kispilasoyo,harmlessly
truna,harmony
fenzo,harsh
fenxoyo,harshly
plena,harvest
hesta,haste
yirpi,hate
yirpofalo,hateful
hanti,haunt
hantiha,haunted
kitxi,have
vonda,hay
zusta,head
hafti,heal
hafta,health
haftoyo,healthily
fuslof,hear
vlaka,heart
vlakalasoyo,heartlessly
glira,heat
driqa,heaven
driqayo,heavenly
kramoyo,heavily
kramo,heavy
worti,heckle
frivi,hedge
troqi,heed
mufta,height
hispa,heir
slogi,help
slogifalo,helpful
slogifaloyo,helpfully
slogilaso,helpless
gleno,hence
txuna,herd
txunaya,herds
srupo,here
vropo,hereby
wetxadoma,hermitage
snuba,hero
snubo,heroically
bumdo,hesitant
bumdoyo,hesitantly
bolpi,hesitate
bumdihoyo,hesitatingly
smefis,heuristic
fwipi,hibernate (sit and wait)
tufto,hidden
wirpi,hide
flupo,hideous
flupoyo,hideously
kesko,high
xulzi,highlight
kwesi,hike
tosko,hilarious
gutxa,hill
glosi,hinder
gefta,hinge
dufti,hint
sazda,hip
plovi,hire
hiski,hiss
hiskiwa,hisser
hiskiho,hissing
ruzdo,historical
ruzda,history
drasi,hit
xefki,hoard
slibo,hoarse
gramag,hoax
kwaki,hog
sarti,hold
grula,hole
walzo,hollow
vlogo,holy
vuqko,homologous
smigi,hone
slumo,honest
menxa,honor
menxakanoyo,honorably
plori,hook
ploriho,hooked
frefi,hop
glemi,hope (action)
glemafalo,hopeful
glemafaloyo,hopefully
glemalasoyo,hopelessly
glemihoyo,hopingly
munda,horizon
xmedo,horizontal
pefta,horn
sniqa,horocycle
xwevo,horrendous
serdo,horrible
serdoyo,horribly
tordi,horrify
megza,host
kroxo,hostile
kroxoyo,hostilely
kroxa,hostility
kitxo,hot
kitxoxama,hotness
bwizi,hound
vreva,hour
vrevayo,hourly
wenzi,house
vosti,hover
murdo,however
blaxa,hub
yorpiz,hug
meqko,huge
meqkoyo,hugeously
smuriho,hulking
furzi,hum
pegzo,humane
pegzoyo,humanely
hanavo,humble
hanavihoyo,humblingly
trini,humiliate
twami,humor
bruva,hunch
txepa,hunger
txepoyo,hungrily
pufti,hunt
glufa,hurricane
vlotiha,hurried
vlotihayo,hurriedly
vloti,hurry
vlotihoyo,hurryingly
dulpa,hurt
dulpafaloyo,hurtfully
dulpalasoyo,hurtlessly
vrida,husband
swati,hush
bwariha,hushed
zezda,huskiness
zezdo,husky
swena,hybrid
blozo,hyper
purba,hyperbola
bliga,hypercycle
prusi,hypnotize
suvaka,hypocrisy
suvakawa,hypocrite
vrina,hypothesis
xonza,hysteria
xmixo,icy
bloxa,idea
tisto,ideal
yetxikanoyo,identifiably
yetxi,identify
zerta,idiot
zerto,idiotic
kwuto,idle
petxi,ignite
profivana,ignorance
pleqo,ignorant
pleqoyo,ignorantly
profi,ignore
glago,ill
snuvi,illuminate
kwoda,illusion
smisi,illustrate
hiklig,image
bastikano,imaginable
bastikanoyo,imaginably
basto,imaginary
basta,imagination
bastinado,imaginative
basti,imagine
tezdi,imitate
brebiho,imitating
nanotxoxoyo,immaturely
mirdo,immediate
mirdoyo,immediately
snoki,immerse
nanoxistoyo,immoderately
nanoneftoyo,immortally
tweri,impair
xmoki,impale
snazo,impeccable
polti,impede
nanopurfo,imperfect
xwivi,implant
batxes,implementation
flubi,imply
nanotxibo,impolite
lomdoyo,importantly
daspi,importune
xoski,impose
nanofruvo,impossible
nanofruvoyo,impossibly
nanowaftoyo,imprecisely
srosi,impress
srosinadoyo,impressively
twabo,impromptu
ganzi,improve
dwigi,improvise
xmibo,appropriate
nanoxmiboyo,inappropriately
nanowilumzanado,inattention
fleno,audible
nanoflenoyo,inaudibly
komza,inception
bwova,incest
yurzi,incline
herpi,include
nanoxumdoyo,incompletely
nanozufkoyo,inconsiderably
groli,incorporate
nanowoltokanoyo,incorruptibly
kordi,increase
kordihoyo,increasingly
kordihoyo,increasingly
gleqo,credible
nanogleqo,incredible
srezi,incriminate
bliqi,incubate
yispi,incur
vlokoyo,incurably
fwaso,indeed
flofo,definite
nanoflofoyo,indefinitely
probi,indent
nanokwoto,independent
treri,indicate
treri,indicate
kurpa,indication
glexo,individual
glexa,individual
glexonado,individualistic
glexoyo,individually
smabaf,induce
smenavana,inductance
smena,induction
gwipi,indulge
trebo,industrial
nanogrebo,inefficient
nanogreboyo,inefficiently
fufko,inert
nanofesko,inexpensive
rezdi,infect
xumzi,infer
fespo,inferior
krani,infest
wistawa,infidel
lafto,infinitesimal
kemza,infinity
xwuni,inflect
bruzi,inflict
despi,influence
werpi,inform
mwoxi,infringe
groqa,ingredient
blizi,inhabit
bamdi,inhibit
sroxo,initial
grepi,initiate
grepa,initiation
snari,inject
hinzaya,injuries
hinza,injury
spigi,ink
zeqko,inland
smiqo,inner
klina,innocence
klino,innocent
falzi,innovate
falza,innovation
flizi,input
vlimo,insane
werto,insecure
nanoneqko,insensitive
xwaxi,insert
monda,inside
kwifa,insight
kwivi,insist
xmuki,inspect
xmukiho,inspecting
xmukiwa,inspector
spara,inspiration
spari,inspire
yurpi,install
klobev,instance
doska,instant
dosko,instantaneous
zifto,instead
dezdi,instigate
buzdi,institute
mwaxi,instruct
sindi,instrument
sinda,instrument
sindixama,instrumentation (implementing instruments)
gimzi,insulate
xogzi,insult
lusko,intact
derdikano,integrable
derdo,integral
derdaya,integrals
derdiya,integrand
derdi,integrate
derdiha,integrated
derdixama,integration
vunda,integrity
blusa,intellect
bluso,intellectual
merda,intelligence
blani,intend
kropo,intense
blana,intention
blanavano,intentional
blanavana,intentionality
boqki,inter
vigorp,interact
rugzi,intercept
vrefa,interest
vrefiha,interested
vrefiho,interesting
vrefihoyo,interestingly
tomzi,interfere
tomza,interference
smaka,interim
vrabo,interior
kardi,interject
yalpo,intermediate
sruzo,internal
kroso,internet
berti,interpret
berta,interpretation
womdi,interrogate
vazdi,interrupt
vlumi,intersect
viski,intertwine
viskiha,intertwined
reqkum,interval
tuski,intervene
tirvi,interview
tirva,interview (object)
varta,intestine
speto,intimate
karzi,intimidate
nanosmazo,intransitive
sloto,intricate
frati,introduce
frata,introduction
brovi,introspect
dwoqi,invade
nanobrabo,invalid
pagzo,invariant
sufrif,invasion
spexi,invent
trosa,inventory
dweqi,invert
vesti,invest
slosi,investigate
vestiho,investing
vestiwa,investor
furto,invincible
nanobleno,invisible
hanfi,invite
bwevi,invoke
klapi,involve
sonzo,iridescent
domza,iris
drena,iron
ganovulpovana,irrationality
txipo,irrelevant
txipoyo,irrelevantly
nanodomzikano,irreversible
srefi,irrigate
xarto,irritable
spepi,irritate
xartiho,irritating
zutxog,island
ralzi,itch
ralzo,itchy
vrupa,item
vraxi,iterate
kuqko,jaded
limdo,jagged
renda,jail
xusti,jam
linzo,jealous
linza,jealousy
teqko,jeering
lesled,jeopardy
twasi,jerk
worda,jest
sweki,jiggle
wifki,jingle
vurti,jitter
xablag,job
smofi,join
snaka,joint
bluka,joke
perpoyo,jollily
perpo,jolly
soski,jolt
lemdi,jostle
vleba,joy
vlebafalo,joyful
vlebalaso,joyless
xuxift,judge
gizdi,juggle
greqa,juice
xweso,juicy
spabi,jumble
sroti,jump
sroto,jumpy
bozdo,junior
prepo,just (justice)
prepa,justice
prepi,justify
prepoyo,justly
wiski,jut
kwolo,juvenile
bwigo,keen
bwigoyo,keenly
rizdi,keep
nisko,kempt
snida,key
kligi,kick
plopi,kid
yasti,kill
kilogram,kilogram
vagzo,kind
zosto,kind-hearted
zostoyo,kindheartedly
twogo,kinematical
vinda,king
vindadoma,kingdom
vindo,kingly
valzi,kiss
sliri,knead
preda,knee
krofi,kneel
tefki,knit
yifki,knock
serti,knot
serto,knotty
multi,know
multiho,knowing
multo,known
loqka,label
loqki,label (action apply label)
fispa,labor
sloki,lace
westi,lack
westiho,lacking
zumdo,lacy
gwari,lag
snezo,lame
snezoyo,lamely
snezoxama,lameness
vrubi,lament
glixa,land
slena,lane
glesa,language
swixi,languish
freqi,lap
hozda,laptop
noqko,large
zalti,latch
srizo,late
srizoyo,lately
xmopo,lateral
klavi,lather
vrexa,latitude
purzi,laugh
purzikano,laughable
purzikanoyo,laughably
nisti,launch
kumda,law
kumdafalo,lawful
kumdiwa,lawyer
festi,lay
kluqo,lazy
muqki,lead
muqkiwa,leader
ploda,league
xaqka,lean
xaqko,leanly
vludi,leap
zesti,learn
zestiho,learned
broto,least
yizda,leather
kridi,leave
xordi,lecture
floka,leek
plaqo,leeward
mamda,left
bifka,leg
yazdo,legitimate
gruqa,lemon
sriti,lend
leqka,length
leqkoyo,lengthily
leqko,lengthy
gisto,lenient
manda,lens
plofi,let
plipo,lethal
puqka,letter
himda,level
xundo,liable
liqziwa,liar
kogza,liberation
treta,license
flufi,lick
liqzi,lie
liqza,lie (object)
bluxa,life
lifti,lift
liftiha,lifted
brusa,light
brusi,lighten
lozda,lightning
sosti,like
krifo,limber
balpa,limit
balpaxama,limitation
balpihayo,limitedly
balpalaso,limitless
krugi,limp
famza,line
txoto,linear
hondi,linger
venda,link
klata,lip
fonza,liquid
fonzi,liquidate
slaka,list
vlazi,listen
flero,literary
broqo,literate
premo,little
bluxi,live
bluxiha,lived
bluxoyo,lively
rulza,liver
bluxiho,living
plabi,load
bluro,loath
berpi,lob
piqko,local
xolpa,locality
plupi,locate
plupa,location
smuta,logarithm
lonza,logic
gweti,loiter
xirdo,lone
xirdoyo,lonely
lorto,long
bisto,longing
bistoyo,longingly
nirdoyo,longitudinally
bafki,look
merzo,loose
merzi,loosen
nomda,lord
gripa,lore
lamzi,lose
lamza,loss
lamzihayo,lost
vluzo,lots
lando,loud
landoyo,loudly
kefti,lounge
fwixo,lousy
glova,love (sacrificing for others)
punzo,low
punzoyo,lowly
snovo,loyal
vaspi,lubricate
xmuka,luck
xmukoyo,luckily
xmuko,lucky
mwapi,lull
spogi,lumber
lampa,lump
lampanado,lumpish
lampanadoyo,lumpishly
lampo,lumpy
lofkar,lunatic
walti,lunge
grapi,lurch
krapi,lure
spani,lurk
lusta,lust
zugza,machine
xmado,mad
kruda,magic
krudo,magical
horza,magnet
lagzixama,magnetization
marzo,magnificent
brega,magnitude
wasta,mail
menti,maintain
menta,maintainance
fuzdo,major
yumdi,make holy
kwuqo,malicious
glapi,manage
glapiwa,manager
bwixi,manifest
tulpa,manifold
kleki,manipulate
nulpa,manner
hindo,manual
hindoyo,manually
txibi,manufacture
werdo,many
karta,map
huqki,map (action)
martxi,march
dokev,marginal
yimzo,marital
semzi,mark
semziha,marked
kluna,market
yimza,marriage
pumda,marrow
yimzi,marry
grofa,marsh
xmoma,martyr
marvi,marvel
marvo,marvelous
marvoyo,marvelously
kwofo,masculine
swezi,mash
fagza,mask
snafa,mass
wulzo,massive
respi,match
wagzi,mate
hutxa,material
hutxawo,materialistic
hutxavana,materiality
miska,matrix
porza,matter
xusto,mature
xustoyo,maturely
klamo,maximum
txogi,mean
feqki,meander
txoga,meaning
txogafalo,meaningful
txogafaloyo,meaningfully
ginzo,meantime
snozi,measure
plaka,meat
plako,meaty
nulti,meddle
kaqifk,median (statistics)
swizi,mediate
regzi,meditate
regzinadoyo,meditatively
brofa,medium
mulko,meek
mulkoyo,meekly
zendi,meet
triqo,mellow
nagamo,melodious
nagama,melody
vurzi,melt
vurziha,melted
bufta,member
zolta,membrane
drutikano,memorable
druti,memorize
druta,memory
goqkawa,menace
vozulp,menacing
brugi,mend
merpa,menorah
halto,mental
snesi,mention
vlodi,mentor
vlodiwa,mentor (person)
druxi,meow
nuskafalo,merciful
nuskafaloyo,mercifully
nuskalaso,merciless
nuskalasoyo,mercilessly
nuska,mercy
vrezo,merely
snosa,merit
vroqoyo,merrily
vroqo,merry
vaqki,message
vaqkiwa,messenger
disko,messy
gluvi,metabolize
kreqa,metal
kreqo,metallic
srova,metallurgy
hiqka,method
woska,metric
pusto,mid
bralo,middle
bralozalza,midnight
namzo,midway
bluzo,mighty
tatxi,migrate
dalpo,mild
mwala,mile
milka,milk
milkoyo,milkily
milko,milky
rofka,mill
kloqi,mimic
plifi,mince
difta,mind
diftalaso,mindless
fiqka,mine
gorti,mingle
sonzud,minimality
dista,minister
lolpo,minor
slara,mint
qaslag,minute
smiba,miracle
merara,mirror
slavi,mischief
beftakano,miserable
befta,misery
flari,misinform
friba,missile
mista,mist
misti,mist (action)
xolta,mistake
xolto,mistaken
xoltoyo,mistakenly
mistoyo,mistily
xoltiha,mistook
misto,misty
hamda,mite
frufi,mix
frufiha,mixed
husti,moan
hustafaloyo,moanfully
kavand,mob
fefto,mobile
sondi,mock
srexihoyo,mockingly
xegur,mode (statistics)
gluda,model
gludi,model (action)
gwido,moderate
dwifoyo,moderately
tolpo,modern
tolpoyo,modernly
xulto,modest
xultoyo,modestly
xulta,modesty
xmami,modify
prodo,modulo
xmupi,moisten
fwimi,mold
sufun,molecule
kriki,molest
molti,molt
kwimoyo,momentously
trepa,momentum
zamzi,monitor
sespo,monotonous
drobo,monstrous
kwoqa,month
kwoqayo,monthly
flami,moo
korzo,moody
munta,moon
vlini,mope
dulzo,morbid
snigo,moreover
kwuda,morning
fladi,morph
fusko,mortal
forti,mortify
firti,mosey
frapo,most
glura,motion
gluralaso,motionless
gluralasoyo,motionlessly
vrusa,motive
sunza,motor
braza,mound
spaxi,mount
monta,mountain
sloni,mourn
klira,mouth
girzikanoyo,movably
girzi,move
girza,movement
verta,movie
bloni,mow
blopo,much
barzi,muddle
freni,muffle
freniha,muffled
sirto,muggy
bwazi,mull
xiqko,multiple
vafki,mumble
floqo,murky
fwefi,murmur
bleti,muse
yurta,mush
yurtoyo,mushily
slora,music
txaba,mutant
txabi,mutate
yorti,mute
tospi,mutilate
musto,mysterious
mustoyo,mysteriously
musta,mystery
musti,mystify
lurzi,nag
swaqi,nail
holzo,naive
nuqko,naked
mweti,nap
dwadi,narrate
mutxo,nasty
xwino,native
yagzo,natural
yagzonada,naturalistic
yagza,nature
ruqko,naughty
klaqi,nauseate
klaqo,nauseous
pugza,navel
nirti,navigate
bizdo,near
wemdo,neat
gulti,neaten
wemdoyo,neatly
fardoyo,necessarily
fardo,necessary
plafi,necessitate
nordi,need
nordo,needy
swoxa,negation
swulo,negative
prefi,neglect
droti,negotiate
twapi,neigh
gluga,neighbor
truva,nerve
truvo,nervous
kurdi,nest
spimi,nestle
xolzi,net
xolza,net (object)
smota,network
tendo,never
breto,nevertheless
nusta,news
nikxo,next
gruxi,nibble
vifto,nice
zalza,night
zalzoyo,nightly
turzo,nimble
xirti,nip
txulo,noble
txuloyo,nobly
fluqo,nocturnal
txumi,nod
wiqka,noise
wiqko,noisy
drazi,nominate
nanobamivano,noncreative
xafko,nonetheless
yotxo,normal
bwifi,normalize
dweki,notch
lutxa,note (musical)
votxa,notice
votxi,notice (action)
ratxi,nourish
ratxayama,nourishment
smogo,now
smoga,nowadays
dulta,nucleus
smuno,nude
fwegi,nudge
zurto,null
xidrux,numb
tifka,number
tifkatazo,numerous
norza,nurse
xmodo,nutritious
hulzi,nuzzle
snanixama,obedience
snanixamo,obedient
vroko,obese
snani,obey
xospa,object
karpa,object of senses
spatakano,objectionable
spatakuna,objectionableness
flapixama,obligation
sefti,oblige
wolzo,oblique
lomzoxama,obnoxiousness
roslom,obscure
niyamikanaya,observables
niyamikanoyo,observably
niyamixama,observance
niyamo,observant
niyamixamayo,observationally
niyami,observe
xmisi,obsess
vogzi,obtain
vogzikano,obtainable
tanzo,obtuse (angle)
kwexo,obvious
krizoyo,occasionally
kemdixama,occupation
kemdiha,occupied
kemdo,occupied with
kemdi,occupy
drusi,occur
grima,ocean
sripo,odd
sripoyo,oddly
hodora,odor
hodoralaso,odorless
tardo,off
blido,off-key
vluqo,offbeat
krubi,offend
plero,offensive
pleroyo,offensively
sinzi,offer
sinza,offering
vreto,offhand
hoyfa,office
hoyfoyo,officially
perti,officiate
hefti,ogle
flibo,okay
swolo,old
huzdikano,omissible
huzdixama,omission
huzdi,omit
kliqo,only
xmoti,ooze
txidoyo,opaquely
zolpo,open
zolpi,open (action)
zolpa,open space
zolpikano,openable
zolpiha,opened
zolpitula,opener
zolpiho,opening
zolpihaya,openings
zolpoyo,openly
vulpi,operate
vulpixama,operation
veski,opine
gogza,opinion
gogzihaxama,opinionatedness
kwixi,oppose
kwixiha,opposed
kwixixama,opposition
yerzi,oppress
vufki,opt
vitxa,optic
vitxo,optical
vitxoyo,optically
vitxaya,optics
migzo,optimal
somzo,optional
somza,optionality
kleda,orange
rasti,orate
gwega,orbit
glusi,ordain
mordahi,orderly
vlemo,ordinary
vlemo,ordinary
fospa,organization
fospi,organize
penzi,orient
vrago,oriented
bifta,origin
bifto,original
biftoyo,originally
tetxo,ornament
falto,orphan
yerpi,oscillate
yerpa,oscillation
yerpo,oscillatory
yaqko,ostrich
twuvo,otherwise
twuvo,otherwise
malzi,ought
gonda,ounce
klimo,out
kimzi,outdo
bwibi,outline
rimdo,outstanding
brubo,over
glika,overview
zotxa,overwhelming situation
xofki,owe
tefti,own
teftiwavana,ownership
smoba,pace
smozi,pack
yonza,packet
batxa,pact
mwasi,pad
yaspi,paddle
txivi,paddle (action)
slama,page
kezda,pain
kezdafalo,painful
kezdafaloyo,painfully
penta,paint
penti,paint (action)
pentiwa,painter
blipa,pair
krivi,palatalise
kriva,palate
glibo,pale
hugzi,palm
tigzi,pamper
truqur,pan
plumi,panic
plumo,panicky
pruba,parabola
niqki,parade
sneda,paradise
ranza,paradox
ranza,paradox
vanda,parallax
fwevo,parallel
fwevoyo,parallelly
twali,paraphrase
snibadoma,parasitism
smuki,pardon
dwixi,park
falpi,parse
purmi,partake
droqo,partial
droqoyo,partially
fifki,participate
kwopa,particle
vusnak,particular
partiwa,partier
fufti,partition
klusa,partner
klusi,partner (join forces)
parti,party
xmoqi,pass
xmoqikanoyo,passably
tolta,passage
lorda,passenger
ralpa,passion
vomda,past
frazi,paste
srati,pat
vrava,patch
surta,path
wospo,pathetic
wospoyo,pathetically
woqki,patient
woqkiyo,patiently
swavi,patrol
nagzi,patronize
vumda,pattern
kiqka,paunch
srami,pause
brudi,paw
hospi,pay
folta,peace
foltafalo,peaceful
foltafaloyo,peacefully
slepa,peak
worpi,peck
klidovana,peculiarity
blezi,pedal
xmagi,peek
bosti,peel
xweri,peep
swazi,peer
vasto,peevish
fruzi,penalize
fruza,penalty
xmikikano,penetrable
xmiki,penetrate
xmikiho,penetrating
temzi,perceive
flalum,percent
temza,perception
temzo,perceptional
slizi,perch
purfo,perfect
tisti,perform
vluxo,perhaps
sriva,period
srivo,periodic
prifo,peripheral
prifa,peripheral (object)
nurpi,perk
wespo,permanent
xmuti,permeate (go through everything)
hoskikano,permissible
hoska,permission
hoski,permit
kwupa,permutation
mizdo,perpendicular
yafka,perseverance
nulun,persist
plepa,person
dwidi,perspire
frezi,persuade
garzi,pertain
gliqa,perturbation
trofi,peruse
bwami,pester
humda,pet
txoma,phantom
sozda,phase
brogo,phenomenal
broga,phenomenon
pemdo,philosophy
huska,phone
xmaxa,photo
ketxo,physical
kwerpa,physical body
vlesa,physique
plita,pi
rinzi,pick
xmipa,picture
holta,piece
klibi,pierce
deski,piggyback
glezi,pile
tagza,pillar (key thing)
fwidi,pilot
sasta,pin
rosti,pinch
nigzo,pink
fifti,pioneer
pimza,pipe
klafa,pit (big empty hole)
xmini,pitch
fruli,pity
momzi,pivot
kriti,pixellate
xagza,place
yifto,plain (without frill)
plana,plan
plani,plan (action)
drana,plane
dwani,plant
mwama,plasma
xalpo,plastic
xalpovana,plasticity
kleta,platform
zasto,platonic
pluxa,plausible
pleqi,play (action)
pleqa,play (object)
pleqawa,player
brepi,plead
plizdo,pleasant
plizdoyo,pleasantly
plizda,pleasantness
plizdoziraya,pleasantries
plizdozira,pleasantry
flisi,please
pliki,pledge
xunzo,plenty
fwazi,plop
fagzif,plot
herti,plow
hatxi,pluck
prosi,pluck (pick off)
plugi,plug
vlagi,plump
plundi,plunder
srudi,plunge
gwogo,pluralistic
gribo,plush
guspa,pocket
smefa,point
virpi,poise
kemda,poison
spaqi,poke
dwakixama,polarisation
bresi,polish
lurdo,polite
frupo,political
rerzi,pollinate
hetxi,pollute
hetxi,pollute
pandi,ponder
pando,ponderous
waqki,pontificate
vaska,pool
sruko,poor
srukoyo,poorly
krati,pop
gomzo,popular
doyev,populate
porna,porn
nezda,port
smebo,portable
surpi,pose
smezeq,positive
spukev,positively
xozdi,possess
xozda,possession
fruvo,possible
pifki,post
hesird,postulate
sloxa,posture
lomdo,potent
gleto,potential
gleto,potential
warpa,pouch
fluti,pounce
glera,pound
vloqi,pour
glasi,pout
plaga,poverty
txada,powder
gefka,power
zurpo,practical
zurpa,practical
zurpoyo,practically
zurpi,practice
trivo,pragmatic
trivawa,pragmatist
preza,praise
prezi,praise (action)
yezdi,pray
lefti,preach
spali,precede
burto,precious
slodo,precise
slodoyo,precisely
vofka,precursor
presi,predicate
rospi,predict
drubi,prefer
gonzo,pregnant
horka,prejudice
smuqi,prepare
hosti,prescribe
listi,present
zumzi,preserve
srufa,president
difki,press
difkiho,pressing
difka,pressure
slisi,presume
wofti,pretend
preti,prettify
preto,pretty
vluvi,prevail
smani,prevent
smaninado,preventive
privo,previous
dunda,prey
kwula,price
vezdi,prick
vezdo,prickly
gagza,pride
twuqo,primal
xmifo,primary
xmifa,prime
pefko,primitive
bomda,principle
kwagi,print
vreso,prior
vreno,private
vrenoyo,privately
glina,prize
fuqkovana,probability
fuqko,probable
totxi,probe
dendoyo,problematically
bripa,procedure (something applied to something else)
besti,proceed
bestihoya,proceedings
flaba,process
dreti,proclaim
xwifi,procrastinate
lamobami,procreate
druni,procure
wuski,prod
binza,prodigy
kresi,produce
kresivana,productivity
pardo,profane
txuqi,profess
frifoyo,professionally
sloza,program
grana,progress
spegi,prohibit
tximixama,prohibition
brika,project
futxa,projectile
sribi,promise
wosti,promote
wostixama,promotion
nardi,prompt
kruvoyo,promptly
fwizi,pronounce
letxi,propagate
dwini,propel
dreko,proper
drekoyo,properly
foska,property (personal property)
yosti,prophesy
yostiwa,prophet
blasikano,proportionable
blaso,proportional
blasivana,proportionality
smoli,propose
smolixama,proposition
klufi,prosecute
pifti,proselytize
zistivana,prosperity
kwini,protect
kwiniho,protecting
kwinihoyo,protectingly
snuti,protest
sarpi,protract
gagzo,proud
frabi,prove
plefi,provide
zarzi,provoke
fwiri,prowl
prudo,prudent
sluki,prune
gwimi,pry
horpo,pseudo
vamdo,public
klozi,publicize
farpi,publish
smexi,puff
hizdi,pull
haqka,pulse
fwiti,pulverize
glubi,pummel
pampa,pump
pampi,pump (action)
bruqi,punch
forpa,punctuation
klesi,puncture
ferpo,pungent
pruzi,punish
pruzixama,punishment
nomzo,puny
blesi,purchase
blesa,purchase (object)
darzo,pure
porma,purr
pormi,purr (action)
dalta,purse
menzi,pursue
xmesi,push
bludi,put
tweni,putter
rifta,pyramid
gwisi,quack
spoqi,quake
mebofk,qualia
bimda,qualification
bimdi,qualify
sruxa,quality
buplim,quantifications
glego,quantitative
gwabixama,quantization
flexa,quantum
nofka,quark
swifi,quarrel
nanda,quarter
mwumo,queasy
brozi,query
nifta,question
niftikano,questionable
niftikano,questionable
niftikuna,questionableness
frama,queue
norti,quibble
kwiko,quick
kwikomiso,quickest
mavurt,quiet
txuxok,quietly
fruko,quirky
zalpi,quit
bofti,quiver
berdi,quiz
wutraf,quota
sagzi,quote
xurpa,quotient
propi,race
vruda,race (ethnicity)
vrudazira,racial
henda,radar
bespa,radian
rispi,radiate
rispa,radiation
rispo,radiative
marta,radio
mwula,rage
yorzo,ragged
kluvi,rain
srozi,raise
gwizi,rake
xomzi,ramble
frebo,rancid
rando,random
randoyo,randomly
dumind,range
reqka,rank
twipi,rant
rogzi,rap
gatxo,rapid
fremo,rare
raxko,rash (bad decisions)
raspi,rasp
raspo,raspy
snoqi,rate
txuxi,ratify
numdis,ratiocinate
vulpo,rational
vulpi,rationalize
xaspi,rattle
pomzo,ratty
vlami,ravage
nanzi,rave
folpa,raven
simdo,raw
forza,ray
smoki,reach
xmufi,react
xmufiwa,reactant
xmufa,reaction
xorto,ready
drego,real
dregonadoyo,realistically
dregovana,reality
smuli,realize
smuli,realize
fleva,rear
yamda,reason
yamdakanoyo,reasonably
rinazaspi,reassert
rinazaspiha,reasserted
rinasnota,reassessment
zokokretiha,reassured
siqki,rebel
siqkixama,rebellion
siqkoyo,rebelliously
siqkiwa,rebels
zokosmeti,rebirth
drezo,recalcitrant
tuspi,recall
lotxi,receive
gazdo,recent
gazdoyo,recently
plexo,reciprocal
plexi,reciprocate
plexovana,reciprocity
lerpi,recite
ritxi,reckless
froki,reckon
frokiho,reckoning
mordi,recline
blami,recognise
blama,recognition
tuspixama,recollection
tespi,recommend
xmefi,reconcile
xmeki,record
vluki,recover
vlezi,recruit
blobi,recuperate
turti,recur
turtoyo,recurrently
dredo,red
xifti,redeem
sruni,reduce
provawo,reductionistic
klifi,refer
tripi,reference
klifixama,referral
klipi,refine
klubi,reflect
klubixama,reflection
zindixama,refraction
gruzi,refresh
gruzoyo,refreshingly
ribast,refuge
masti,refuse
frigi,regard
hunza,region
rigzi,register
xaski,regress
kweki,regret
gulpo,regular
gulpi,regularize
gulpoyo,regularly
vrufi,regulate
sresi,reign
loltef,reimburse (pay back)
snimi,reinforce
snimi,reinforce
vredi,reject
klebi,rejuvenate
fliri,relate
fliriho,relating
flirixama,relationship
rifka,relative
rifkaya,relatives
rifko,relativistic
laksi,relax
laksixama,relaxation
lakso,relaxed
dwula,relay
lalzi,release
lalza,release (object)
dondo,relevant
dondoyo,relevantly
tinzikano,reliable
ziska,relief
ziski,relieve
pleba,religion
vlufi,relish
tinzi,rely
kludi,remain
wumdi,remember
wumdixama,remembrance
braki,remind
vispi,reminisce
vispo,reminiscent
korto,remote
kwipa,removal
kwipi,remove
kwipiha,removed
drina,renaissance
rundi,render
rundaxama,rendering (result)
runda,rendition
pleti,renew
gwigi,renovate
zokozolpi,reopen
xotxi,repair
ramzi,repeat
ramziha,repeated
kraxi,repel
kraxoyo,repellently
kraxiho,repelling
kraxihoyo,repellingly
dowirp,repentance
pafki,replace
mwipi,replicate
slapi,reply
pirti,report
pirtiwa,reporter
prixi,represent
prixixama,representation
notxi,reprimand
dospi,reproduce
pluga,reptile
vreqi,repudiate
kraxo,repulsive
slazi,request
kluri,require
gugzo,requisite
munzi,rescind
holpi,rescue
zamdi,research
virta,research (object)
gwodi,resent
wurti,reside
wurta,resident
xmero,residual
xmera,residue
kagzoyo,resignedly
xurza,resin
talti,resist
mwiqiwa,resistor
folzi,resolve
nindi,resonate
mwera,resource
bardi,respect
barda,respect (object)
bardakuna,respectableness
bardafalo,respectful
dwaro,respective
pribi,respond
rufto,responsible
pribinado,responsive
kweri,rest
kwerafaloyo,restfully
kroni,restore
kroniha,restored
bwisi,restrain
bwisihayo,restrainedly
wonzi,restrict
wonzoyo,restrictedly
vlada,result
kalza,resultant
sludi,resume
swoni,resurrect
swoniwa,resurrectionist
plizi,retain
sardi,retaliate
plazi,retire
blumi,retreat
molpa,retribution
snavi,retrieve
glogi,return
kregi,reveal
kufki,revel
kregixama,revelation
fwugi,revenge
brenti,revere
brento,reverent
brento,reverential
brentoyo,reverentially
domzi,reverse
domzikanovana,reversibility
domzikano,reversible
lirti,revert
sruta,review
gwixi,revise
sragi,revoke
nefko,revolting
virda,revolution
virdoyo,revolutionarily
virdo,revolutionary
nefkoxama,revulsion
warda,reward
wardi,reward (action)
zufta,rhyme
twoka,rhythm
xmida,rib
dreqa,ribbon
brumol,rice
sunto,rich
farti,ricochet
txedi,rid
kreni,riddle
purti,ride
larzi,ridicule
larzo,ridiculous
larzoyo,ridiculously
larzoxama,ridiculousness
drida,right
drida,right (side)
xmeto,right (wrong)
xmetoxama,righteousness
xmetafalo,rightful
xmetafaloyo,rightfully
garpo,rigid
garpa,rigidity
garpa,rigidity
drepa,rigor
drepo,rigorous
tusta,ring
lorteg,rinse
xumda,riot
mwaqi,rip
xirzo,ripe
xirzoyo,ripely
zomdoyo,rippingly
gwopa,ripple
nunzi,rise
riska,risk
hemdo,rivaling
grati,roam
yunzi,roar
kwomi,roast
kwoma,roast (object)
slebi,rob
vuski,rock
balzi,roll
sruvi,romp
snofa,roof
kinza,room
sluli,roost
vagatx,root
vista,rope
remdes,rot
xinzi,rotate
xinzo,rotational
rolto,rotten
xugzo,rough
nospo,round
patxa,roundabout
nospiha,rounded
nospoyo,roundly
remzi,rouse
kamzi,row
gufko,royal
troti,rub
gliram,rubber
fluko,rude
ziqka,ruffle
dazdo,rugged
dazdoyo,ruggedly
lindi,ruin
lindaya,ruins
goski,rule
goska,rule (object)
grala,ruler
kwiti,rumble
grezi,ruminate
grezi,ruminate (think about over and over again)
xweki,rummage
flina,rumor
hurpi,run
yarti,rupture
sneqo,rural
vruni,rush
xufki,rustle
xufkiho,rustling
xufkihoyo,rustlingly
femzo,rusty
kleqa,sack
damzo,sacred
smaba,sacrifice
slado,sad
himza,saddle
slada,sadness
plixo,safe
plixa,safety
kromo,sage
kromoyo,sagely
glevi,sail
kurzi,salivate
sluti,salute
kruli,salvage
vruxo,same
degzif,sample
slobo,sanitary
slobixama,sanitation
slobi,sanitize
santa,santa
sarko,sarcastic
sarkoyo,sarcastically
smoxa,sass
smoxo,sassy
fropi,satirize
danzo,satisfied
danzi,satisfy
danziho,satisfying
grobi,saturate
xabata,saturday
savaza,savage
savazo,savage (feature)
savazoyo,savagely
bulzi,savor
gerdo,savory
snula,saw
wumzi,say
gremo,scalar
smata,scale
smato,scaly
tegzi,scamper
witxi,scan
skanto,scant
skantoyo,scantly
daqka,scapegoat
gruko,scarce
wusti,scare
wustiha,scared
wustoyo,scarily
wusto,scary
skati,scatter
gurza,scenario
mwima,scene
bogza,schedule
gwama,schematic
paftiho,scheming
henza,scholar
skula,school
skuli,school (action)
sruma,science
sruma,science
srumaya,sciences
srumi,scientific
srumawa,scientist
srumawaya,scientists
fluri,scold
klaxi,scoop
sromi,scoot
terdi,scorch
zonzi,score
bospi,scorn
parzi,scour
swexi,scowl
gomdi,scramble
vloli,scrape
veqki,scratch
smuso,scrawny
skrimi,scream
skrima,scream (object)
skritxi,screech
skritxa,screech (object)
sroqa,screen (display)
xmoxa,screw
hafki,scribble
gwibi,scribe
smaqi,scrub
yerdi,scrunch
sraxo,scrupulous
yarzi,scrutinize
vroli,scuff
smaxa,sea (large body of water)
druvi,seal
bloma,seam
zidax,sear
blodi,search
blodiho,searching
yorpa,season
yorpakanoyo,seasonably
yorpo,seasonal
krupa,seat (place to sit)
sofki,seclude
sofka,seclusion
yalzo,secret
kwapa,section
watxo,secular
dozdo,secure
dozda,security
dwoki,sedate
diqki,see
vlori,seem
vloro,seemly
fwigi,seep
slusi,segregate (separate from each other)
sulpi,seize
vribo,seldom
monzi,select
monza,selection
monzo,selective
monzoyo,selectively
braqo,selfish
mafki,sell
xweno,semantic
kriba,sensation
talpoyoga,sensationalism
kribi,sense
neqko,sensitive
neqka,sensitivity
neqkixama,sensitization
slopo,sensual
slopa,sensuality
vligi,sentence
yegif,sentience
sleki,separate
sleka,separation
dwimi,serenade
bleqa,series
smipo,serious
smipo,serious
dwofo,serrate
xmabi,serve
xmabiwa,server
taska,service
blefi,settle
blefa,settlement
snori,sever
kegzo,severe
kegzoyo,severely
smova,sex
smovo,sexual
smovoyo,sexually
peqka,shade
zutxa,shadow
peqko,shady
kroko,shaggy
trati,shake
tratiyo,shakily
pasto,shallow
pastoyo,shallowly
warza,shame
warzafaloyo,shamefully
xulpa,shape
kumzi,share
txugo,sharp
twiqi,shatter
rulpi,shave
nerzi,shear
kweni,shed
flopa,sheet
kwuka,shell
smada,shelter
grona,shield
losti,shift
vrodi,shift stuff and store
burdi,shine
burdo,shiny
lasti,ship
xwebi,shiver
brigi,shock
briga,shock (electric)
brigo,shocking (wow)
spami,shoo
xmapi,shoot
xmapa,shoot (object)
blexi,shop
krima,shore
xortoyo,shortly
kolzi,shoulder
harzi,shout
harziho,shouting
brefi,shove
hifti,shovel
ruspi,show
txizi,showcase
slevi,shower
lundi,shred
twisi,shriek
twisiho,shrieking
snugo,shrill
smavi,shrink
lespi,shrug
glavi,shudder
maqki,shuffle
dwiri,shush
txexi,shut
liqko,shy
vlalo,sick
vufta,side
ploqi,sieve
xufti,sift
klali,sigh
vlaba,sign
vizda,signal
flipa,significance
flipo,significant
vlabi,signify
dreba,silence
ploso,silly
detxo,similar
dextovana,similarity
mwiki,simmer
gimdo,simple
gimdi,simplify
gimdoyo,simply
ferti,simulate
xandovana,simultaneity
xando,simultaneous
borti,sin
slino,since
baspi,sing
baspiwa,singer
homzo,single
homzovana,singularity
gwasi,sink
mifti,sink (pulled down from the weight of gravity)
gespi,sip
trixi,sit
bazda,site
srini,situate
srina,situation
furpi,sizzle
huspi,sketch
zispo,sketchy
dafti,skewer
mwabi,skid
prima,skill
primofalo,skillful
pluki,skim
saski,skinny
vospi,skip
flagi,skulk
snopa,sky
weska,slab
luzda,slack
mimdi,slam
yogzi,slander
kwaxi,slap
xweqi,slash
kifki,slather
hulti,slaughter
bwaqi,slay
kufto,sleek
vlopo,slender
yespi,slice
fledo,slick
sutxi,slide
droxo,slight
renzo,slim
xerda,slime
xerdo,slimy
ralti,sling
dafki,slink
xmoni,slip
xmono,slippery
glami,slit
bweqi,slither
dwipi,slobber
xifka,slope
grupoyo,sloppily
grupo,sloppy
spugi,slosh
swivi,slouch
pluqo,slow
traqa,slug (token)
xwiki,slumber
flavi,slump
rafki,slur
tulti,slurp
gwapi,smack
smalo,small
smalomaro,smaller
smarto,smart
smarti,smarten
smartiha,smartened
smartomaro,smarter
smartomiso,smartest
smartonado,smartish
smartoyo,smartly
smarta,smartness
smartoya,smarts
smartowa,smarty
txoqi,smash
wurpi,smear
smeli,smell
smela,smell (object)
smelo,smelly
fisti,smile
fistiho,smiling
mwefi,smirk
dwiti,smite
sreki,smoke
smoldi,smolder
bwegi,smooch
smuvo,smooth
smuvoyo,smoothly
draki,smother
drivi,smoulder
sriqi,smudge
gwiqi,smush
sneka,snake
snapi,snap
snapoyo,snappily
snapo,snappy
vraqi,snare
xwali,snarl
smezi,snatch
smini,sneak
sniki,sneak (move without being noticed)
snikoyo,sneakily
sropi,sneer
sniza,sneeze
swesi,snicker
snifi,sniff
datxi,snip
xegzi,snipe
gezdi,snitch
snaba,snob
wafki,snooze
vruti,snooze (fall asleep)
snata,snot
snoli,snow
fragi,snub
klemi,snuff
txaxo,snug
greni,snuggle
xmuzi,soak
nirza,soap
dufki,soar
dufkiho,soaring
dufkihoyo,soaringly
xmeni,sob
glani,socialize
plemi,socialize aimlessly
yalziz,society
safto,soft
timza,software
timza,software
yanzo,soggy
refta,soil
snoboyo,solely
wegzo,solemn
wegzoyo,solemnly
tasta,solid
banzo,solitary
banza,solitude
prino,solo (on your own)
bwoxo,soluble
vonzi,solve
bwoxa,solvent
spizo,somber
slomo,some
funzo,somehow
bamza,someplace
xmema,something
faqka,something cheap and inferior
proka,something wonderful
sneba,sometimes
bisko,somewhat
tazda,song
worza,soot
gusti,soothe
gustihoyo,soothingly
xmexihayo,sophisticatedly
txigo,sore
kirza,sorrow
txoso,sorry
sorti,sort
troxa,soul
sraqa,sound
solpo,sour
solpoyo,sourly
kumpasala,south
kumpasalo,southern
kumpasalawifonzo,southwards
komdi,sow
dweta,spacetime
windi,span
vomzi,spank
netxo,spare
sparki,spark
sparka,spark (object)
spozi,sparkle
spoziho,sparkling
dwali,spasm
pospi,speak
pospiwa,speaker
gundo,special
gundowa,specialist
gundoyo,specially
breqo,specific
breqo,specific
breqoxama,specification
breqoxama,specification
breqi,specify
dwema,speckle
honzi,speculate
honza,speculation
pospa,speech
verda,speed
verdofaloyo,speedfully
verdoyo,speedily
verdo,speedy
dispi,spell
lizdi,spend
klori,spew
snoda,sphere
snodo,spherical
snodoyo,spherically
plegoyo,spicily
plego,spicy
kurta,spike
kurto,spiky
latxi,spill
sispi,spin
fleba,spinor
snipa,spiral
sruga,spirit
srifawa,spiritually average person
xmepi,spit
dweni,spite
vremi,splash
srigi,splay
kamda,splendor
broli,splinter
spliti,split
spoli,spoil
txazo,spontaneous
tirpi,spoof
sporta,sport
sportafaloyo,sportfully
sportoyo,sportily
gotxa,spot
gweni,sprawl
bondi,spray
vrapi,spread
zerti,spring
mogzi,sprinkle
mwibi,sprint
kluki,sprout
twavi,spur
proto,spurious
prifi,spy
fleki,squash
gufti,squat
snepi,squawk
txusi,squeak
twaxi,squeal
txoni,squeeze
xwepi,squint
speqi,squirm
tolzi,squirt
xwidi,squish
wulto,squishy
vuspi,stab
stebixama,stabilization
stebi,stabilize
stebo,stable
bwavi,stack
fraki,stage
yomzi,stagger
stena,stain
steni,stain (action)
xmaka,stair
retxa,stake (in something)
stulo,stale
zoqki,stall
xetxi,stammer
graqi,stamp
nispi,stampede
mufki,stand
xmimo,standard
nugzo,standing (social standing)
stara,star
steri,stare
lifko,stark
tamdi,startle
plusi,starve
plusiho,starving
dofti,stash
fleza,state
hofti,state (make statement)
ponzo,static
ponzoyo,statically
hofka,station
swudaya,statistics
groxa,statute
kwami,stay
tespo,steadfast
morpo,steady
virti,steal
vluso,stealth
smuga,steam
smivo,steep
stiri,steer
spuna,stem
srena,stench
grigi,step
xortob,step in time
prevo,sterile
braxo,stern
braxoyo,sternly
kwari,stick
kwaro,sticky
srevo,stiff
mwevi,stiffen
stifi,stifle
stifiho,stifling
kwamo,still
snomi,stimulate
vleti,sting
brexoyo,stingily
brexo,stingy
stiqki,stink
stiqko,stinky
xwasi,stipulate
vlexi,stir
virzi,stitch
nalpo,stochastic
truxa,stock
truxi,stock (store for later use)
swepi,stoke
spupi,stomp
meska,stone
swimi,stoop
yukrul,store
storm,storm
snapa,story
broxo,stout
posti,stow
dwefi,straddle
xirpo,straight
xirpi,straighten
bredo,straightforward
klumi,strain
findob,strange
vraki,strangle
vraki,strangle
bruxi,strap
nurzi,stray
striki,streak
strikiha,streaked
strikiho,streaking
vamzi,streamline
prega,strength
pregi,strengthen
streno,strenuous
strenoyo,strenuously
heska,stress
xweta,stress (physics)
stretxa,stretch
stretxi,stretch (action)
glivo,strict
fwafi,stride
strifi,strife
striki,strike
straka,strike (object)
striqa,string
snegi,strip
kledi,strip (remove everything)
frasi,strive
fanzi,stroke
pezdominzi,stroll
straqo,strong
lorzo,structural
lorza,structure
tumzi,struggle
tumza,struggle (object)
preki,strum
brisi,strut
gisko,stubborn
giskoyo,stubbornly
studiwa,student
studaya,studies
studi,study
studiho,studying
stufa,stuff
mwebi,stumble
nimzi,stump
stuni,stun
stuniho,stunning
stunihoyo,stunningly
txeto,stupid
dirzo,sturdy
dropi,stutter
dolza,style
dolzanado,stylish
dolzanadoyo,stylishly
gwaki,subdue
wospa,subject
wosponado,subjective
wosponadoxama,subjectiveness
wosponadiha,subjectivized
wosponadiho,subjectivizing
betxo,subliminal
xwumi,submerge
spesi,submerse
klisi,submit
yagoft,subsequent
prazi,subside
nufta,substance
nufto,substantial
nufti,substantiate
fwavi,substitute
fwavozira,substitutionary
bostod,substrate
varki,succeed
varka,success
vrasa,successor
fwari,succumb
kroti,suck
snuni,suction
tenzo,sudden
glabi,suffer
glabiho,suffering
gesko,sufficient
bagza,suffix (after thing)
kerza,sugar
frixi,suggest
frixa,suggestion
frixaya,suggestions
qikifk,suicide
plaki,suit
plakikano,suitable
twimi,sulk
rusko,sullen
ruskoyo,sullenly
fravi,sum
frava,sum (object)
bwefi,summarize
bwefi,summarize
fravixama,summation
prafi,summon
sulta,sun
pufki,sunder
sulto,sunny
vegzo,super
yiqko,superficial
yiqkoyo,superficially
blofo,superior
fluxi,supersede
vimosifka,supersymmetric
pulpi,supervise
pirzi,supplement
pirza,supplement (noun)
slifi,supplicate
demdi,supply
demda,supply (object)
porti,support
pumzi,suppose
pumza,supposition
kleno,supreme
zaqko,sure
zaqkoyo,surely
zaqka,surety
sospa,surface
kwazi,surge
txopi,surmise
krafi,surprise
krafa,surprise (object)
krafiha,surprised
zirzi,surrender
vlaxi,surround
dogzi,survey
priki,survive
zorpox,susceptible
vledi,suspect
xmasi,suspend
xmasa,suspension
krodo,suspicious
krodoyo,suspiciously
xasti,sustain
txeqi,swab
yufti,swagger
zundi,swallow
swana,swan
swapi,swap
swarmi,swarm
flani,swat
xemdi,sway
dweri,swear
sweti,sweat
sweta,sweat (object)
swetiho,sweating
swipi,sweep
kruko,sweet (nice)
swito,sweet (taste)
switoyo,sweetly
krukiwa,sweety
xazda,swell
mosti,swerve
boxuz,swift
mitxi,swim
mitxiho,swimming
mitxihoyo,swimmingly
swiqa,swing
swiqi,swing (action)
swiqiwa,swinger
swiqiho,swinging
swiqihoyo,swingingly
frubi,swipe
dagzi,swirl
lendi,swish
switxa,switch
switxi,switch (action)
setxi,swivel
hufki,swoll
hufko,swollen
xmuli,swoon
swupi,swoop (fly down)
klaba,sword
gigzi,symbolize
sifkixama,symmetrization
sifka,symmetry
plivi,sympathize
benza,sympathy
vulta,syndrome
flola,table
plala,taboo
sumdi,tabulate
vorti,tackle
vorta,tackle (noun)
wivrif,tail
xwani,tailor
fomzi,tailor (customize for a purpose)
fomza,tailor (noun)
brufa,talent
zemzo,talented
kozdi,talk
tarto,tall
tartomaro,taller
tartomiso,tallest
zetxi,tally
wufti,tame
fefki,tan
fefka,tan (noun)
snamo,tangible
viqki,tangle
vleni,tantalize
klexi,tap
grixi,tape (stick to)
pledi,taper
hirti,target
hirta,target (noun)
fwagi,task
smeva,tassel
testi,taste
testafalo,tasteful
testalaso,tasteless
testalasoyo,tastelessly
xmego,tasty
brini,tattle
dwegi,tattoo
simzi,taunt
smodo,taut
smodoyo,tautly
yendi,tax
yenda,tax (noun)
pluza,tea
titxi,teach
titxiwa,teacher
flepa,team
kweba,tear
blepi,tease
teska,tech
srira,technique
tesko,techy
plomo,teenage
plomiwa,teenager
spezi,teeter
speziho,teetering
woqatx,tell
spuqi,temper
polpa,temperature
vriva,template
smaroyo,temporarily
smaro,temporary
dandi,tempt
tindi,tend
sneza,tendency to give rather than take
slixo,tender
slixoyo,tenderly
xmoba,tenet
ximzo,tense (adjective)
ximzoyo,tensely
ximziwa,tensor
snasa,tent
vrepo,tenth
tormi,terminate
torma,termination
fotxo,terrible
trifo,terrific
trifoyo,terrifically
zerdiha,terrified
zerdi,terrify
lanza,territory
rusta,terror
krixi,testify
teksa,text
teksi,text (verb)
spema,texture
kwani,thank
fwani,thaw
punda,the public
srera,theorem
blimo,theoretical
yigzi,theorize
blima,theory
temdo,therapeutic
temda,therapy
txalo,therefore
swako,thermal
swakixama,thermalization
vloza,thermodynamic
dirta,thesis
twoqo,thick
blatoyo,thickly
durpa,thief
flino,thin
fundi,think
flinomaro,thinner
vlaqa,thirst
vlaqoyo,thirstily
vlaqo,thirsty
slega,thorn
slego,thorny
kotxo,thorough
mezdo,though
klepa,thought
klepafalo,thoughtful
twazi,thrash
bruka,thread
kruta,threat
kruti,threaten
krutiha,threatened
krutiho,threatening
bwada,thrill
froli,thrive
sunda,throne
lulta,throttle
gotxak,through
glido,throughout
suzdi,throw
sraza,thrust
vlivi,thumb
wolpi,thump
legzi,thunder
samdo,thus
fwiki,thwart
dwaqi,tick
gloqa,ticket
fozda,tickle
fodzi,tickle (verb)
trido,tidal
tridoyo,tidally
trida,tide
tridaya,tides
blufo,tidy
blufi,tidy (action)
mwedi,tie
sigzi,tie (fight)
nerdo,tight
vruli,tighten
prami,tilt
dwezoyo,timely
bluno,timid
bluna,timidity
blunoyo,timidly
tufki,tingle
swebi,tinker
pemzo,tiny
marda,tip
vlero,tipsy
mardozolti,tiptoe
twori,tire
fimdiha,tired
fimdihayo,tiredly
pirda,title
wuzdixama,titration
pindi,toast
slexoyo,together
gwiri,toil
kravo,tolerant
kravi,tolerate
srefol,too
troba,top
xmozo,topological
plaxi,topple
speni,torment
trogol,torque
wosta,torrent
bimza,torsion
vlefi,toss
grida,total
klevi,touch
drovi,toughen
drovoyo,toughly
drovoxama,toughness
flaxa,tour
krobi,tow
blupo,toward
srabi,tower
yitxo,toxic
voska,toy
kwori,trace
kwora,trace (noun)
yegzi,track
yegza,track (noun)
tredi,trade
treda,trade (object)
tofka,tradition
xugzag,tragedy
dukux,tragic
txeki,trail
txeka,trail (noun)
kwidi,train
txuga,train (mobile)
txugomoheta,train station
frisa,traitor
trama,trajectory (potential path)
gwaqi,trample
yamza,trance
preqa,tranquility
wogzo,transcendent
wogzo,transcendental
spuzi,transcribe
fwexa,transduction
sneni,transfer
snena,transfer (noun)
frami,transform
framaxama,transformation
fraqa,transgression
nofta,transistor
smazo,transitive
broni,translate
vrato,translucent
vratoyo,translucently
slezi,transmit
slabo,transparent
slaboyo,transparently
tispi,transport
tispa,transportation
gluzi,transpose
trapi,trap
trapa,trap (object)
mwani,trash
mwana,trash (noun)
bibaf,trauma
truli,travel
trula,travel (noun)
floxi,tread
grusa,treasure
dwivi,treat
buski,treat (action)
wofka,treat (food)
spula,treatment
sleri,tremble
defto,tremendous
lugza,trend
lugzo,trendy
twana,triangulation
tribo,tribal
triboyoga,tribalism
triba,tribe
ditxi,tribute
ditxa,tribute (noun)
trika,trick
triki,trick (action)
trikoyo,trickily
trikinado,trickish
trikinadoyo,trickishly
haski,trickle
triko,tricky
glepi,trill
lulzi,trim
trimi,trim (action)
trimo,trim (feature)
trima,trim (noun)
flegi,trip
flega,trip (noun)
krepo,trivial
txutavana,triviality
dizdi,trot
snoga,trouble
snogiha,troubled
snogatazoxama,troublesomeness
trusa,truce
kulzi,trudge
somdi,trust
somda,trust (noun)
somdafaloyo,trustfully
somdo,trusty
krola,tube
klaki,tuck
kwepi,tug
tragi,tug (action)
traga,tug (object)
dribi,tumble
plato,tumultuous
rumzi,tune
rumza,tune (noun)
gwiva,tunnel
gwiva,tunnel
turni,turn
turna,turn (noun)
flobo,turquoise
razdi,tutor
razda,tutor (noun)
duqki,tweak
gleqi,tweeze
taqki,twiddle
twiga,twig
xmafi,twine
vlofi,twinkle
promi,twirl
smubi,twist
smuba,twist (noun)
smubiha,twisted
kliva,twistor
luqki,twitch
glizi,twitter
txura,type
sremo,typical
vloniwa,tyrant
vlona,tyrrany
kriqo,ubiquitous
glitoyo,uglily
glito,ugly
glita,uglyness
klaruq,uncouth
drabo,under
blabo,underneath
yaski,understand
yaskikano,understandable
yaskikanoyo,understandably
yaskiho,understanding
nanowigitxihayo,undistractedly
qostik,unearthliness
ravrev,unequivocally
xatoforma,uniform
xatoformayo,uniformly
frala,unique
fralo,unique (adjective)
dwapa,unit
bloka,universe
nanokrodoyo,unsuspiciously
prupo,up
karpag,update
snoxi,upgrade
snoxa,upgrade (noun)
prupogutxa,uphill
krumoyo,upon
volta,uproar
turpi,upset
turpo,upset (adjective)
turpa,upset (noun)
sezdi,urge
fluni,use
fluniha,used
flunilofaso,useless
bendi,usurp
memzixama,utilization
memzi,utilize (put to use)
klogo,utmost
kloga,utmost (noun)
kremi,utter
krema,utterance
kremoyo,utterly
fruqo,vacant
fruqoyo,vacantly
fruqi,vacate
bibifk,vague
srepo,vain
fwera,valence
brabo,valid
brabi,validate
dutxa,valley
dopakanoyo,valuably
plamam,vanish
fwekihoyo,vanishingly
kloba,vapor
xwoma,variable
norpa,variation
vardo,various
vardoyo,variously
vardi,vary
vardiho,varying
xmibo,vascular
dralo,vast
valta,vault (locked box)
vreka,vector
kwadi,veer
vlugi,veer (move around obstacle)
gerza,vehicle
zazda,veil
zazdi,veil (action)
zirta,velocity
lospa,vengeance
grovi,vent
fwisi,ventilate
pruta,venture
prutotazoxama,venturesomeness
vlobi,verbalize
zinza,verge
fregi,verify
vramo,vertical
verpo,very
butrag,via
gligo,viable
txafi,vibrate
txafo,vibrational
vlato,vicious
truta,victim
kraso,victorious
zarta,video
leski,view
leska,view (noun)
triga,violence
trigo,violent
trigoyo,violently
xalto,virgin (new to something)
xalta,virginity
glodo,virtual
torpa,virtue
groda,virus
larta,viscosity
zanzokano,visible
zanza,vision
limzi,visit
limza,visit (noun)
limziwa,visitor
zanzo,visual
kisko,vital
nizda,vitriol
sreto,vivid
sretoyo,vividly
vutxo,vocal
vutxi,vocalize
vutxoyo,vocally
vutxa,voice
serza,void
prira,voltage
srana,volume
spazi,volunteer
sreba,vomit
lazdo,voracious
xeski,vote
xeska,vote (noun)
speki,vouch
gaspi,vow
gaspa,vow (noun)
graza,vowel
tonza,voyage
flasin,vulnerable
briva,vulva
gluxi,waddle
xwemi,wade
spixi,waft
lenzi,wag
fluvi,wage (war)
krazi,wager
srubi,wail
kluxi,wake
kluxifalo,wakeful
minzi,walk
kroza,wall
kofti,wallow
snixi,wander
merti,wane (go down)
wanti,want
wanta,want (object)
pimda,war
fonzo,ward (skwward)
wormo,warm
wormoyo,warmly
worma,warmth
rotxi,warn
gladi,warp
praqi,warrant
swaxi,wash
blagi,waste
blaga,waste (noun)
blagafalo,wasteful
marpi,watch
voqki,watch over
marpifalo,watchful
marpifaloyo,watchfully
pruva,water
pruvo,watery
foflun,wave
kwiqa,waveparticle
slasi,waver
tiska,wax
mesnum,way
hufto,weak
plama,wealth
plamo,wealthy
yifta,weapon
neski,wear
homdoyo,wearily
homdo,weary
walpa,weather
zolzi,weave
gleka,web
blosa,web (internet)
yufki,wed
yufka,wedding
kwaqa,wedge
xespa,week
xespoyo,weekly
snali,weep
sloqi,weigh
sloqa,weight
sloqo,weighty
dindo,weird
nolpa,welcome
nolpi,welcome (action)
srava,welfare
narto,well
narta,well-being
kumpaneka,west
txuzo,wet
spovi,whack
yiyafk,wheel
rorzi,wheeze
spapa,wheeze
fwiqoyo,wheezily
xmuxo,wheezy
bebust,whereby
slukag,whether
zimzo,which
trubi,whimper
galzi,whine
plezi,whip
pleza,whip (noun)
xwedi,whirl
bwafi,whisk
pesti,whisper
pesta,whisper (noun)
sneri,whistle
snera,whistle (noun)
ploti,whittle
proqo,whole
fogzo,wholesome
flixo,whopping
remdo,wicked
warto,wide
wartoyo,widely
wartomaro,wider
wartomiso,widest
srogi,wield
treqi,wiggle
grabo,wild
plura,wilderness
graboyo,wildly
trasa,will
trasafaloyo,willfully
trasiho,willing
blivi,wilt
brixi,win
brixa,win (object)
bwasi,wince
brala,window
firpa,windy
dugzi,wink
brixiwa,winner
varda,wipe
swika,wire
swiki,wire (action)
swiko,wiry
plava,wisdom
plavi,wise
mamzi,wish
mamzifaloyo,wishfully
pizda,wit
humzim,with attachment
hoqko,with depth and in detail
xmavi,withdraw
xmava,withdrawal
famdi,wither
segzo,without attachment
lemzi,withstand
laspi,witness
yandi,wobble
smeda,womb
satxi,wonder
satxa,wonder (object)
satxifalo,wonderful
satxihoyo,wonderingly
fordi,woo
nuzda,wood
fordihoyo,wooingly
gaqko,woozy
krefa,word
frodi,work
froda,work (object)
frodikano,workable
xinda,world
kolpiha,worried
kolpihayo,worriedly
kolpi,worry (action)
kolpiho,worrying
kolpihoyo,worryingly
zardomaro,worse
dasti,worship
zardomiso,worst
tonda,worth
tondo,worthy
wunda,wound
yuski,wrap
tuqko,wrath
paski,wreck
lulpi,wrench
rolzi,wrestle
kasto,wretched
tafki,wring
xmeza,wrinkle
wispo,wrong
wispoyo,wrongly
vugzo,wry
vugzoyo,wryly
bromi,yank
vumzi,yawn
piska,year
pisko,yearly
natxi,yearn
golpi,yell
bemzo,yellow
swigi,yelp
privodrata,yesterday
wefto,yet
fruqa,yield
zerzo,young
zerza,youth
zerzafalo,youthful
yemzo,yummy
fluma,zeal
druzi,zip
druzatula,zipper
smika,zone
fwibi,zoom
snada,atom
fulzum,involution
plado,nasal
spebi,eject
spebo,ejective
vlupo,implosive
prozo,lip
traba,set
