wemz,
smop,
pezd,
fuqk,
taqk,
rogz,
sliq,
xegz,
zenz,purple
vlis,green
vamz,
femd,
larp,
noft,
talt,
nifk,
wond,
molz,
greg,
galt,
blup,
kliv,
riqk,
vral,
yomd,
wunz,
salz,
kogz,
rafk,
kloz,
glof,
ferz,
bask,
smig,
xalz,
xmiro,
wurd,
dort,
brol,
vliz,
xrun,
sral,
txeq,
mimd,
yest,
vrul,
yurz,
zord,
sust,
txad,
slif,
xazd,
rurz,
xrep,
flud,
zolz,
glox,
dalp,
prux,
polt,
hamd,
nisp,
txuv,
kosk,
kisk,
bliz,
vonz,
plut,
srez,
xluv,
rimd,
pagz,
tris,
kloq,
plul,
petx,
dimz,
flof,
troz,
vlum,
warp,
fusk,
trom,
braz,
yust,
vlob,
snir,
musp,
nerp,
morz,
trip,
blok,
fisk,
txen,
tetx,
falp,
lulp,
klez,
frof,
klid,
dunz,
finz,
xlaq,
hogz,
bror,
plax,
womz,
vird,
treg,
grog,
pomd,
tanz,
drom,
dirp,
murz,
pigz,
ples,
snur,
xmeq,
rirt,
vleg,
yaft,
smut,
fars,
bosk,
xler,
derz,
smos,
smup,
lofk,
demz,
mesp,
luft,
fumd,
grip,
plol,
klad,
plex,
pist,
kyig,
vurd,
nusk,
buqk,
frux,
rult,
golp,
txan,
xest,
sniv,
monz,
boft,
dusk,
pruq,
pinz,
sroba,
txefo,
xlubi,
krun,
sand,
memd,
xrat,
blal,
glob,
naft,
lerz,
xetx,
drig,
vesp,
vraz,
txun,
lumd,
slub,
varka,aardvark
krafa,abandon
,abdomen
tutxo,ablaze
tutxi,ablazen
nanoyotxo,abnormal
murpo,aboard
vrugo,about
brovo,above
kondo,abreast
lefko,abrupt
lefkoyo,abruptly
gruba,absence
gafka,absence of desire
grubo,absent
gruboyo,absently
pesko,absolute
peskoyo,absolutely
kyabi,absorb
kyabiho,absorbed
kyabiha,absorbing
,abstract
bunda,abundance
bundo,abundant
bundoyo,abundantly
rorti,accelerate
rortixoma,acceleration
lispi,accept
lispikano,acceptable
lispixoma,acceptance
dinza,accident
dinzo,accidental
dinzoyo,accidentally
vroti,accompany
vifti,accomplish
viftikano,accomplishable
viftixoma,accomplishment
xmizi,account
xmizikano,accountable
flaqo,accurate
flaqoyo,accurately
kyuzixoma,accusation
kyuzi,accuse
kyuzihayo,accusingly
,accustomed
wuqki,ache
gluki,achieve
glukixoma,achievement
glukipuma,achiever
wugkihayo,achingly
virpa,acid
virpo,acidic
lerdi,acknowledge
xlani,acquire
fleqo,across
gaski,act
gaskiho,acted
,activate
xamzo,active
gaskipuma,actor
gasko,actual
gaskoyo,actually
gofti,adapt
figzi,address
praxi,adhere
kyizi,adjust
zondi,administer
xizdi,admire
plisi,admit
zulpi,adopt
frekikano,adorable
freki,adore
firda,adult
blifa,advantage
blifo,advantageous
vemda,adventure
vemdo,adventurous
vemdoyo,adventurously
kreri,adverse
bleva,advice
blevi,advise
txobi,advocate
nogzo,afar
xrolo,affair
fikda,affect
,affine
xmebi,affirm
vurpi,afflict
vurpixoma,affliction
yirzi,afford
firno,afraid
xlomo,after
flosa,afternoon
xlomokafto,afterward
xamdo,against
yeska,age
mifko,aggressive
narzi,agitate
narzihoyo,agitatedly
snuko,ago
gluqi,agree
gluqixoma,agreement
prumotxata,agricultural science
pruma,agriculture
xmol,ahead
beqki,aim
beqka,aim (object)
beqkiha,aiming
xispa,air
xispoyo,airily
xispanezda,airport
xispo,airy
blebi,alarm
blebihayo,alarmingly
snika,alcohol
tunzi,alert
maspa,algorithm
farzi,alien
vrebaxoma,allegiance
gruda,alligator
guzdi,allow
guzdihoyo,allowedly
nalto,almighty
,almond
drapo,almost
droso,alone
glozo,along
geqki,aloof
sulzo,aloud
halpa,alpaca
vorp,alphabet
vloxo,already
nitxo,alright
zurzo,also
pluni,alter
plunixoma,alteration
pluniho,altered
bumzi,alternate
bumzihavo,alternative
bumzihavoyo,alternatively
torto,although
sirdo,altogether
kimzo,always
plasi,amaze
plasiho,amazed
plasihoyo,amazedly
,amazement
plasiha,amazing
plasihayo,amazingly
,amber
,among
,ample
xerp,amuse
xmaqa,analogy
gispa,analysis
gispi,analyze
blovo,ancient
blovoyo,anciently
kurta,anemone
snexa,angel
heqka,anger
heqki,anger (action)
zorda,angle
heqkoyo,angrily
,angry
heqko,angry (feature)
nalpa,animal
naplayo,animally
,ankle
slani,announce
slanixoma,announcement
sordi,annoy
sordiha,annoying
sordapuma,annoying and irritating person
sordihayo,annoyingly
yisko,annual
yiskoyo,annually
xorni,annul
xornixoma,annullment
soqkapuma,anointed one
xorzo,anonymous
numza,answer
wanda,ant
klopa,antelope
,anus
toqko,anxious
toqkoyo,anxiously
,anything
kigzo,anyways
vliqo,apart
giqka,apartment
,ape
flipa,aphid
xmigo,apparent
xmigoyo,apparently
slaxi,appeal
pirpi,appear
pirpixoma,appearance
,appendix
txexi,applaude
txexa,applause
krapa,apple
sufti,apply
trazi,appoint
srimi,appreciate
korpi,approach
pleki,approve
krir,april
,arbitrary
sluv,arch
grug,archly
rarzi,argue
rosk,arise
pofk,arm
harma,armadillo
,armpit
dezd,army
rundo,around
snemi,arrange
snemixoma,arrangement
smux,arrest
furd,arrive
kroga,arrogance
krogo,arrogant
krogi,arrogant (action)
yarka,arrow
klop,art
,artery
lufk,artist
snazo,as
zerz,ascetic
kyur,ash
smir,ashamed
fezdi,ask
dotx,askew
notx,asleep
,ass
metxi,assemble
metxa,assembly
zasp,assert
snoti,assess
yord,assist
kerdi,associate
marpi,assume
marpixoma,assumption
,assurance
kret,assure
kyed,astray
,asymptote
,atmosphere
dorp,atom
vriki,atone
gled,atop
malp,attach
xuzd,attack
vlegi,attain
ramitixoma,attainment
broki,attempt
lumz,attend
,attendant
plid,attic
hatograma,attogram
hatomirta,attometer
hotxi,attract
hotxixoma,attraction
hotxizolo,attractive
txak,aught
ligz,august
vlub,author
,authority
,automata
gorz,autumn
gumz,available
driz,average
vlid,aversion
xitx,avoid
xitxakano,avoidable
hast,awake
klul,awaken
ramz,award
vrano,aware
vranonesa,awareness
kaqk,away
gord,awesome
bras,awful
vraf,awheel
brezo,awkward
,axiom
,axle
vult,baby
sras,babysitter
flas,back
lorp,backhand
,backward
krus,backwardly
,bad
xmaxa,badger
,badly
terz,bafflingly
kran,bag
gimz,bake
fumz,balance
trit,balding
balt,ball
drod,ban
pozd,banana
snal,band
blaq,bang
baft,bank
baqka,bank (finance)
broxa,bar
,barb
yozd,bare
drip,barefoot
,bark
,barley
srula,barn
nemd,baryon
xlot,base of word
besobalta,baseball
drop,bashful
txod,basic
nurt,basically
nirp,basin
poqk,basketball
vlan,bat
zisk,bath
sasp,battle
treb,batty
xmer,bay
xoft,be
bitx,beach
,beads
,beak
firz,beam
zirt,beamily
,bean
mesta,bear
bird,beard
murd,beast
byutafolo,beautiful
byuta,beauty
briva,beaver
,beckon
lirz,become
vorda,bed
brit,bedroom
fluz,bee
glar,beefy
gigz,beer
blita,beetle
sarz,before
vrif,beg
,beget
bihevi,behave
hand,behind
trem,being
blifa,belief
blifi,believ
sruv,believe
yumz,believingly
xerd,bell
,belly
brut,belong
txem,beloved
vriz,below
vitx,belt
prug,bench
banti,bend
banta,bend (object)
xrino,beneath
frad,beneficially
kirp,benefit
banto,bent
ralt,berry
wiqk,beside
tuqk,best
fazdi,bet
safko,better
plox,between
ronda,beverage
nosk,beware
mumd,bewitchingly
txiso,beyond
yardo,bias
yardi,bias (action)
yardiho,biased
vlspa,bicycle
vlspo,bicyclic
viqk,bid
kind,big
hajal,bike
brop,bill
bruv,bin
,binary
klon,bind
bruda,bird
pamz,birth
,birthday
klobi,bite
kloba,bite (object)
klobiha,biting
xlox,bitingly
trupo,bitter
,bitterness
pled,black
basp,black bird
smev,blackly
,bladder
semd,blade
blema,blame
blemi,blame (action)
txop,blamelessly
snax,bland
grun,blank
txeb,bleak
blendi,blend
,bless
xrag,blib
smif,blind
galp,blindly
blinda,blindness
vriq,blinking
blis,bliss
,blister
krux,blistering
naqk,block
blaka,block (stand in the way of)
blanda,blonde
blod,blood
ragz,bloody
braf,blow
bledo,blue
zefka,bluff
zefkoyo,bluffly
trim,blunt
wosk,bluntly
gezd,blushing
bord,board
blul,boat
prub,body
ditxi,boil
ditxiha,boiling
boldo,bold
bolta,bolt
bolti,bolt (action)
dost,bomb
band,bond
nend,bone
vrip,book
,boom
,boot
,booth
nask,border
vrovi,bore
vimz,bored
vrova,boredom
tund,boring
xlib,boringly
glot,born
zomz,borrow
dert,boson
xorpo,bother
kund,bottle
glim,bottom
xreg,bounce
rordo,bouncy
blor,boundary
grixo,boundless
grixa,boundlessness
,bountiful
trol,bountifully
smib,bow
slar,bow (arrow)
tral,bowl
slev,box
gres,boy
bragi,brag
bragihayo,braggingly
brena,brain
kyal,brainlessly
zuzd,brainy
prav,brake
xmuq,branch
kefk,brashly
molt,brass
brevo,brave
roft,bread
prak,breadth
,break
breki,break (into pieces)
brekikano,breakable
pusp,breakfast
xmupa,breast
smazi,breath
sluxi,breathe
gamd,breed
briz,breeze
brib,bribe
xlen,brick
klag,bridge
brif,brief
firt,briefly
plog,bright
biqk,brilliant
briq,bring
,bristle
,bristly
briti,brittle
brad,broad
hord,broadcast
breko,broken
txeg,brokenly
slat,bronze
bruma,broom
nimda,brother
snona,brown
bruza,bruise
bruzi,bruise (action)
braxa,brush (object)
braxi,brush (tool)
braxiho,brushed
,brute
bluba,bubble
blubi,bubble (action)
,bud
falz,buddism
xomzi,budget
xomza,budget (object)
flon,buffalo
nast,bug
bildi,build
flam,building
,bulbous
faspa,bulk
faspoyo,bulkily
faspo,bulky
sinda,bull
sindavolo,bullish
sindavoloyo,bullishly
bampa,bump
bampi,bump (action)
bampoyo,bumpily
bampo,bumpy
,bunch
griq,bundle
,buoyancy
,burden
gloda,burial
burlo,burly
bahari,burn
bahariho,burnt
nonz,burst
glodi,bury
drak,bus
boqka,bush
durt,bustling
frip,busy
vart,but
karz,butter
flumaha,butterflies
fluma,butterfly
,buttock
,buttocks
xmaf,button
vliti,buy
vlita,buy (object)
sonz,cabinet
domz,cable
ralz,cafe
tumz,cage
fest,cake
,calcium
timdi,calculate
word,call
glupi,calm
glupiha,calming
xlal,camera
kampa,camp
kampi,camp (action)
sref,canal
kanzi,cancel
kanziho,cancelled
,cancer
lagz,candle
trik,candy
talp,cannon
hojar,cap
krof,capable
,capacitor
virz,capital
,capsule
xutx,captain
vrub,captive
trugi,capture
truga,capture (object)
rolpa,car
xrid,carbon
hifk,card
hurd,care
wusk,carefree
plod,careful
flok,careless
nort,caring
,carpenter
,carpet
dulz,carriage
graf,carry
,cartilage
glur,cartoon
,carve
,case
,cast
snoni,cast (mold)
snona,cast (object)
blop,castle
katx,cat
katala,catalog
torpa,caterpillar
blet,cathedral
niqka,cattle
nuqk,cause
misp,cave
,cavern
,cavity
snud,ceiling
fand,cell
,center
sedograma,centigram
sedomirta,centimeter
fozd,central
plaf,centrally
bimz,centrically
,centrifugal
,centripetal
sano,certain
sana,certainty
,cervix
tred,chain
txer,chair
gund,challenge
dind,challengingly
paft,chamber
glok,champion
flot,change
smun,changeable
sist,channel
fugz,chant
palz,chapel
sarp,chapter
txari,char (burn to a crisp)
karka,character
pror,character traits
karko,characteristic
karkoyo,characteristically
karki,characterize
tugz,charge
,charge (energy)
smuv,charity
txarma,charm
wolz,charming
gogz,charmingly
tran,chart
txes,chase
driv,chastely
ferdi,chastity
txati,chat
txata,chat (object)
,chatter
gaft,cheap
txit,cheat
prul,check
,cheek
gond,cheekily
blapo,cheeky
vrig,cheer
smez,cheerful
heqk,cheerily
txiz,cheese
xrop,cherry
batx,chess
rarp,chest
kriv,chicken
sned,chief
xruv,child
vand,childlike
,children
,chill
fuft,chilly
vrob,chimpanzee
,chin
most,chivalrous
tolt,chocolate
xesta,choice
xesto,choice (feature)
xestoyo,choicely
txoko,choke
ralp,choose
txapi,chop
txapa,chop (object)
txapoyo,choppily
txapo,choppy
kler,christianity
vrav,christmas
barp,chubby
kiqk,church
sram,cinema
minda,circle
mindo,circular
mindoyo,circularly
,citizen
brem,city
vlap,claim
trav,clam
plum,clammy
klap,clap
wigz,clarify
grik,class
sluga,classic
slugo,classical
slugoyo,classically
priq,classify
skuloruma,classroom
lunz,classy
,claw
klema,clay
yuqki,clean
yolt,clear
,cleave
dusto,clever
dustoyo,cleverly
kliki,click
klika,click (object)
flik,climb
,cling
flog,clinging
fruz,clinic
xraf,clip
,clitoris
,cloak (something that hides)
klak,clock
gast,clockwise
,clod
xlez,close
kloso,close (distance)
ploz,close (open)
xlam,close-up
,closed
bunz,closely
nult,cloth
kurd,clothes
xlup,clothing
drix,clothing article
bruna,cloud
brunoyo,cloudily
bruno,cloudy
txag,clownishly
sorp,club
taft,clueless
brapo,clumsy
xarz,cluttered
zusk,coach
grom,coal
smim,coarsely
kost,coast
snet,coastward
mitafa,coat
kadobami,cocreate
,coefficient
fasp,coffee
,coherence
,cohesion
poft,coil
kras,coin
xmev,cold
kutxa,coldness
fort,collaborate
lapsi,collapse
fitxi,collect
fitxixoma,collection
klas,collectively
xmuz,college
fafk,colony
flig,color
gemd,colorful
vlul,column
,comb
,combination
sest,combine
grari,come
groz,comet
,comfort
klov,comfortable
glev,comfortably
kyeg,comfortingly
fetx,comic
grefa,command
sigza,comment
sigzi,comment (action)
muzdi,commit
travo,common
srus,common sense
vlur,communicate
,commutative
bref,comparably
wezd,compare
kumpa,compass
frin,compassion
drud,compensate
birz,compete
kyusa,compile
pendi,complain
xumdo,complete
xumdi,complete (action)
rafki,complete attainment
xumdiho,completed
xumdixoma,completion
wugz,complex
kumdi,compliant
bles,compose
,composite
panz,compress
pyuti,compute
pyuta,compute (object)
pyutameka,computer
holami,conceal
holamixoma,concealment
bloti,concentrate
dorti,concern
dorta,concern (object)
dortiho,concerned
dortiha,concerning
glis,concert
txol,conclude
,concrete
brom,concur
,condensate
,condense
fron,conduct
,cone
motx,confession
suski,confide
suskihoyo,confidingly
vlix,confirm
klom,confront
kluzi,confuse
lonz,confused
frat,congradulations
,congregation
,congruence
vroz,connect
fapiho,connnected
fapihoyo,connnectedly
,conquer
fust,conscientious
xurp,conscious
mozd,consciousness
xend,consensus
txiq,conserve
zufk,consider
sisti,consist
grek,consistent
frog,consolidate
trak,consonant
vasp,consonantly
simd,conspicuously
frob,constant
vruz,constellation
prag,constitute
kyef,construct
xropi,consult
xropixoma,consultation
xmor,consume
blin,contact
drax,contain
bast,contemplation
xrek,contempt
tenta,content
yund,contest
horz,continual
xris,continue
vrat,contract
dimdo,contrary
dimda,contraryness
drem,contribute
froqi,control
froqiha,controlling
prix,controversy
,convect
darpa,convention
,converge
kanvixoma,conversion
kanvi,convert
bler,convey
tulp,convincing
wask,cooing
wafk,cook
kormo,cool
pumd,coolly
kwapi,cooperate
kwapixomaxoma,cooperation
kwapo,cooperative
vunz,coordinate
griv,cope
grof,copper
girp,copy
plot,coral
,cord
druk,cork
slir,corn
xraq,corner
zigz,corny
xatxo,correct
xatxa,correctness
,correlation
hanz,correlatively
wolt,corrupt
fasidikano,corruptable
fasidikanoyo,corruptibly
fasidixoma,corruption
vlek,corruptly
zifk,cosily
wulp,cosmic energy
varp,cost
kyof,costly
snit,cotton
,cough
txas,counsel
fegz,count
wolp,counter
zarz,counterclockwise
,countless
glub,country
,countryside
gorp,courage
rind,courageous
,course
plaz,court
glaf,cousin
rorp,cover
plig,covetous
slez,cow
fliv,cowardly
rirp,coyote
xruzo,cozy
krab,crab
kyug,crabby
truq,crack
harm,craft
,crane
kreqko,cranky
trez,crash
siski,crave
siskiha,craving
krala,crawl
kraliha,crawling
xlok,crazy
fost,creakily
yird,creaky
glaqa,cream
glaqi,cream (action)
glaqoyo,creamily
glaqo,creamy
bamikano,creatable
bami,create
bamiho,created
bamiha,creating
bamixoma,creation
bamixomazima,creationism
bamixomagaba,creationist
bamixomagabaya,creationists
bamixomaya,creations
bamihazo,creative
bamihazoyo,creatively
bamihazonesa,creativeness (state of being creative)
bamihazoxomaya,creativities
bamihazoxoma,creativity (result of being creative)
bamipuma,creator
bamipumaya,creators
kripi,creep
kripoyo,creepily
kripiha,creeping
kripihayo,creepingly
vusk,creepy
,crest
xert,crew
krik,cricket
snuf,crime
saqka,criminal
smox,criminality
puski,cringe
pusko,cringey
smeg,crisp
kyog,crispily
srok,crispy
hasp,critique
kaspa,croak
kaspi,croak (action)
kaspoyo,croakily
kaspo,croaky
xmivo,crooked
negzo,cross
pesp,cross-legged
glaq,crow
kroda,crowd
krodi,crowd (action)
krodiho,crowded
xorp,crown
dest,crude
faft,cruel
kruzi,cruise
kruza,cruise (object)
ximd,crush
mimza,crust
mimzo,crusty
paqki,cry
paqkiha,crying
hufk,crystal
kyuba,cube
kyubo,cubic
kyuboyo,cubicly
,cucumber
trud,cuddly
,cultivate
kulto,cultural
kultoyo,culturally
kulta,culture
trono,cunning
tronoyo,cunningly
klup,cup
kyuri,cure
trulo,curious
kurli,curl
kurlo,curly
tres,current
busp,currently
hurt,curse
bloq,curtain
,curvature
poski,curve
trum,curved
posko,curvy
,custom
grevi,custom (practice)
wazd,cut
kyuto,cute
klifa,cycle
klifo,cyclic
klifoyo,cyclically
keqk,cylinder
drof,cynically
drato,daily
ploba,dam
palt,damage
dalmi,damage (action)
dalma,damage (object)
dalmiho,damaged
dalmiha,damaging
magz,damned
glolo,damp
kimd,dance
xrix,dancer
nusp,dandily
rufk,danger
xrok,dangerous
drogi,dare
droga,dare (object)
drogiha,daring
drogihayo,daringly
meft,dark
,darkness
zundi,dash
nazd,dashingly
tirt,daughter
xomda,dawn
drata,day
fask,daylong
klox,dazedl
vetxi,dazzle
vetxiha,dazzling
,dead
prat,deadly
darfo,deaf
darfi,deafen
xmud,deafening
lirp,deafeningly
darfa,deafness
prox,deal
lurto,dear
lurtoyo,dearly
xmov,death
drif,deathly
srak,debate
dumd,decay
brar,decayed
,deceive
drez,december
yugz,decent
berz,decently
drixi,decide
desograma,decigram
xlem,decimally
desomirta,decimeter
drixaxoma,decision
txis,deck
krig,declare
,decorate
,dedication
,deductive
preno,deep
prenoyo,deeply
zort,deer
voqki,defeat
plub,defeated
,defect
xlos,defend
kyip,defenseless
pitx,defensive
,deficiency
xloz,define
frastiwidi,defrost
dekograma,dekagram
dekomirta,dekameter
surd,delay
fofk,delegate
fulto,delicate
flazo,delicious
xriza,deliciousness
slug,delight
vond,delightedly
yatx,deliver
derd,deliverance
samsi,delude
samsixoma,delusion
vruqi,demand
vruqiha,demanding
hisp,demolish
lafk,demonic
maft,demonstrate
hulp,dense
,density
namd,deny
zagz,depart
trir,depend
kyoto,dependent
kyotoyo,dependently
vlir,depict
,depression
,depth
timzixoma,derivation
,derivative
timzi,derive
xmus,describe
samz,desert
xluk,deserted
suqk,deserve
koqk,design
slib,desirably
frum,desire
grak,despair
duzd,desperately
frik,destination
salp,destroy
troka,detail
troki,detail (action)
kyak,detailed
kradi,detect
vlog,detective
klar,determine
xurd,determined
blaxi,develop
blaxixoma,development
rist,device
sron,devil
tird,devilish
sniq,devilishly
vlazi,devote
vlazixoma,devotion
,devout
,dew
,diagram
mulpa,diamond
txar,diary
srol,die
zurd,different
kolto,difficult
koltoyo,difficultly
sufki,dig
,digest
yuzd,digestively
,digit
dres,digitally
,dilate
wamd,diligently
glako,dim
glaki,dim (action)
,dimension
snip,dinner
,dip
slip,direct
xmep,direction
krin,dirt
nird,dirtily
kyez,dirty
gagopirpi,disappear
txov,disappointingly
tirp,disbelievingly
trad,discern
,discharge
vulz,disciple
xlig,discipline
tenero,discord
borz,discourage
xlop,discover
glef,discreetly
,discrete (vs. continuous)
xrip,discuss
txap,disease
drik,disenchantment
klit,disgrace
grosi,disgust
grosiho,disgusted
grosafoloyo,disgustfully
grosiha,disgusting
smuz,dish
prif,dishonesty
snis,disk
gaski,dislike
xumzo,disloyal
wimz,dismiss
votx,disperse
smer,displace
moft,display
,disposition
yeqki,disrespect
xrom,dissolving
kluk,distance
stanto,distant
prot,distantly
lamd,distinct
zozd,distinguish
gitxi,distract
gitxihoyo,distractedly
gitxiha,distracting
gitxihayo,distractingly
senz,distressfully
txon,distressingly
punzi,distribute
slup,district
,disturb
druq,dive
kizdo,diverse
kizdi,diversify
kizda,diversity
zaft,divine
xmak,divine presence
brodi,divorce
dalpoyo,dizzily
vuzdo,dizzy
retx,do
glor,do business
xruq,docilely
nugz,doctor
dagz,dog
xrev,doggishly
,doll
bren,dollar
tult,dolphin
sred,domestically
ninzi,dominate
ninzixoma,domination
,done
pras,door
bemd,dot
klum,dot on forehead
dosi,double
vimd,double check
dosiyo,doubly
porp,doubt
slim,doubtful
nurz,doubtless
smid,dove
klod,down
vrod,downhill
nimz,downright
krot,downstage
snun,downstairs
bagz,downtown
frav,downward
xmob,draft
gozd,drag
gris,dragon
dradi,drain
drama,drama
dramo,dramatic
draqi,draw
draqa,drawing (object)
gluta,dread
flux,dreadfully
drim,dream
herd,dress
,drill
zogz,drink
,drip
,dripping
garasi,drive
garasa,drive (object)
drona,drone
xrog,drop
rask,drowsy
manz,drudgingly
sreg,drug
droma,drum
dromi,drum (action)
bosko,dry
boski,dry (action)
sefk,dryly
domd,dual
vrora,duck
,ductile
xmita,due
blar,dull
bliv,duly
plon,dumbly
,dung
dolz,dunk
drozo,during
kafara,dust
,dwarf
,dye
xrax,each
sruqo,eager
sruqi,eager (action)
wanz,eagle
seqka,ear
girt,earlier
txev,early
dandi,earn
dandiha,earning
homd,earth
kaskapripi,earthquake
brog,earthward
kasko,earthy
kumpadosa,east
kumpadoso,eastern
parp,easy
snuz,eat
xlif,eatable
,eating
volp,ecstacy
snus,edge
zarp,edgy
volz,edited
txiki,educate
yolp,educated
txikixoma,education
yurdi,effect
yurdohazo,effective
yurdohazoyo,effectively
yurdo,effectual
yurdoyo,effectually
kruq,efficaciously
grebo,efficient
greboyo,efficiently
werz,effortless
worta,egg
,eight
,eighth
,eightieth
,eighty
drev,either
gotxo,elastic
,elastic
gotxoyo,elastically
dorda,elbow
murta,elder
frani,elect
franixoma,election
pruko,electric
,electrolytically
prukza,electron
prukzo,electronic
luspo,elegant
karda,elephant
xmiqi,elevate
limpi,eliminate
limpixoma,elimination
lipsa,ellipse
lipso,elliptic
lipsoyo,elliptically
dumzo,elsewhere
paspi,embarrass
paspihayo,embarrassingly
,embed
,embryo
,emerald
humzi,emerge
yinda,emotion
yindo,emotional
yindoyo,emotionally
,empathy
perza,emphasis
brupi,employ
,empty
vrumi,enable
begzi,enact
yoski,enchant
yoskiha,enchanting
,enclosure
korxi,encourage
korxixoma,encouragement
korxiha,encouraging
fira,end
firi,end (action)
firifolo,endless
firifoloyo,endlessly
tarti,endorse
xruki,endure
hirpa,enemy
treva,energy
lurpi,enforce
lurpixoma,enforcement
wulpi,engage
wulpixoma,engagement
harpa,engine
malti,enhance
krini,enjoy
krinikano,enjoyable
prigo,enough
txami,enroll
,enslaved
vefti,ensure
vlibi,enter
negzi,entertain
negxiha,entertaining
negxihayo,entertainingly
,enthalpy
norzo,entire
norzoyo,entirely
,entrance
,entropy
donza,environment
,envoy
slita,epiphany
mazda,episode
laqko,equal
laqkoyo,equally
blava,equanimity
laqki,equate
laqkixoma,equation
birta,equity
hirdikano,erasable
hirdi,erase
fomdo,erect
gegzo,ergo
skepi,escape
menda,essence
nundi,establish
,esteem
xmeki,estimate
xmekixoma,estimation
nufki,eternal
drera,ethnicity
kreka,euphoria
vlasi,evaluate
vruka,eve
muska,evening
yinza,event
yinzafolo,eventful
tarpo,ever
tando,everywhere
frepo,evident
trusa,evil
ramdi,exaggerate
hexograma,exagram
xrazi,exalt
hexomirta,exameter
,examine
xmiga,example
talzi,exceed
,excellence
zefto,excellent
zeftoyo,excellently
zizdi,except
kisti,excite
,excites
kludi,exclude
kludixoma,exclusion
frudi,excuse
fruni,execute
frunipuma,executive
xrebo,exempt
xeqka,exercise
kyuxi,exert
vriri,exhaust
vririhavo,exhaustive
vririhavoly,exhaustively
kenzi,exhibit
kafki,exist
kafkixoma,existence
srisi,expand
netxi,expect
netxixoma,expectation
netxiha,expecting
netxihayo,expectingly
fesko,expensive
kesta,experience
spiri,experiment
spiro,experimental
spirozima,experimentalism
spirogaba,experimentalist
spiroyo,experimentally
spiraxoma,experimentation
spirapuma,experimenter
taspapuma,expert
xmugi,expire
spleni,explain
vlomi,explode
prumixoma,exploration
prumi,explore
,exponent
kloki,expose
klokixoma,exposition
flusa,expression of intense feeling
fludi,extend
fludixoma,extension
yisto,external
bomza,extra
fendi,extract
fenda,extract (object)
golzo,extreme
grava,eye
,eyebrow
fonda,eyelash
,eyelid
,eyes
vroxa,fabric
tinzo,fabulous
tinzoyo,fabulously
xmapa,face
snaga,face/surface
vrosoyo,facially
zofti,facilitate
,factorial
broba,factory
borpi,fade
borpaho,faded
borpahoyo,fadedly
sanzi,fail
zespi,faint (air)
fento,faint (visibility)
fentoyo,faintly
srapo,fair (equal)
blega,faith
blegafolo,faithful
slofi,fall
prido,familiar
prida,familiarity
pridoyo,familiarly
miqka,family
frato,famous
fratoyo,famously
dasta,fan
fruso,fancy
yirto,fantastic
yirtoyo,fantastically
txuba,fantasy
,far
vlipa,farm
,farmer
farti,fart
farta,fart (object)
frug,farther
gird,farthest
modeta,fashion
gropo,fast
,fasten
wult,fastest
vozd,fat
fetalo,fatal
fetaloho,fatally
pruf,fate
harz,fate/predestiny
potx,father
klot,fatly
deqk,fault
smul,faulty
hist,favor
plat,favorable
slad,favourite
firna,fear
firni,fear (action)
firnafolo,fearful
glax,fearless
hitx,feast
fluvi,feather
fluvi,feather (action)
fluviho,feathered
pord,feature
flaz,february
flidi,feed
plok,feel
,feet
,female
femograma,femtogram
femomirta,femtometer
brek,fence
,ferment
mist,fermion
,fern
fast,ferocity
smag,ferry
drex,fertile
,fetus
,fever
glito,few
wamz,fiber
fikxa,fiction
smon,fidgety
filda,field
glal,fierce
,fig
solt,fight
xleq,file
defk,fill
vrega,film
kriso,filth
krisoyo,filthy
klaz,final
zosp,finance
txof,find
mugz,fine
yogz,finely
zitx,finger
xemz,finish
genz,fire
firmo,firm
firma,firmness
xmal,first
glag,first-class
drupa,fish
,fission
yulpa,fit
yulpamoka,fittest
zunz,fix
,fixed (static position)
flix,flabbily
,flabby
grex,flag
,flake
flema,flame
sliz,flamingo
flatxi,flash
,flask
flat,flat
pazdoyo,flatly
,flavor
,flax
flifa,flea
nasp,flee
xlov,flesh
port,flexibly
ratx,float
flaki,flock
flaka,flock (object)
wemd,flood
mort,floor
dorpi,flop
dorpoyo,floppily
dorpo,floppy
,flour
txuf,flow
vomz,flower
lend,flowery
tumd,fluidly
hesp,flunk
xard,flurry
drol,flush
fluta,flute
flati,flutter
flatiha,fluttering
,fly
bluzi,fly (bug)
flapi,fly (wings)
gugz,flying
bufka,foam
bufkiha,foaming
bufkihayo,foamingly
kyom,focus
vrad,foggily
slal,fold
vlar,folk
blix,folk remedy
flomi,follow
floz,follower
flomiha,following
raft,fond
smam,food
nabala,fool
gesp,foolish
futz,foot
futzobalta,football
sraso,for
,forbid
fulz,forbidden
zofk,force
pulzo,fore
grot,forecast
,forehead
,foreign
pulzomiso,foremost
vron,foresee
klep,forest
soft,forever
drok,forgery
yulz,forget
nond,forgive
sraf,forgiveness
yemd,fork
forma,form
sirz,formalize
,formation
wuspoyo,former
,formula
part,forte
,forth (from this time forward)
nenz,fortune
nozda,forward
pramo,forwards
kyir,foul
krez,found
frit,foundation
barta,fountain
glan,fourth
xasp,fourthly
faks,fox
,fraction
purp,fragile
kyeq,fragilely
,fragrant
pron,fragrantly
gift,frame
tiqk,frantic
friki,freak (scare)
xrim,free
kyuq,free time
slav,free will
mutara,freedom
friz,freeze
wurt,freezing
,frequency
kweno,frequent
kwenoyo,frequently
frexo,fresh
xost,freshly
frix,friday
frinda,friend
frindo,friendly
,friendship
prad,frightened
,fringe
fragi,frog
from,from
yimdo,front
vrim,frost
frastoyo,frostily
frasto,frosty
denz,frothy
hest,fruit of actions
,fruitful
yart,frustrating
yefk,fry
sogza,fuel
srar,fun
kyas,functionally
priz,funeral
,fungus
txuq,funnily
smem,funny
mefk,fur
furmiho,furied
furmo,furious
zezd,furniture
,furrow
kusto,further
furma,fury
fyuzi,fuse
xman,fussily
kror,fussy
froqa,future
froqaya,futures
tren,fuzzily
smiz,fuzzy
,gadfly
taspi,gain
taspa,gain (object)
smit,gainful
taspafoloyo,gainfully
befk,galaxy
nulz,gallery
grut,gamble
dird,game
getx,gamely
blog,gap
bluti,gape
blutiha,gaping
bosp,garage
hond,garden
,gargle
xreq,garment
kyona,gas
tulza,gasoline
wirz,gate
mulz,gather
sluf,gaudy
xurt,gaunt
sizd,gawky
kral,gear
fuspa,gecko
refk,gem
dusp,gender
kafolo,general
kafoloyo,generally
smas,generate
triv,generosity
krag,generous
xrir,generously
vrog,genius
lezd,gentle
zult,genuine
,geodesic
,germ
vemzo,ghastly
gost,ghost
yoft,giant
xisk,giddy
gifta,gift
txix,giftedly
gigograma,gigagram
gigomirta,gigameter
grigo,gigantic
grigoyo,gigantically
,gill
kyem,giraffe
,gird
,girdle
neqk,girl
vakohixoyo,girlishly
klut,give
xleno,glacial
xlenoyo,glacially
xlena,glacier
pogz,glad
flak,gladness
marda,glamor
mardo,glamorous
blek,glance
,gland
gleri,glare
gleriha,glaring
glerihayo,glaringly
glasa,glass
glasoyo,glassily
glaso,glassy
glimi,gleam
glep,gleaming
smix,gleefully
higzi,glisten
gluma,gloom
glumoyo,gloomily
glumo,gloomy
gloro,glorious
glora,gloriousness
,glory
botx,glossy
glova,glove
gloni,glow
kulz,glowing
,glue
xuqk,gluon
,gnaw (continuously chew)
pris,go
,goad
grat,goat
bran,god
fleb,godliness
zirp,godly
xmur,gold
trov,golden
sled,golf
zard,good
,good-bye
sligo,goofy
yutx,goose
grofa,gopher
gorko,gorgeous
gorkoyo,gorgeously
kraq,govern
,government
grabi,grab
graba,grab (object)
gresi,grace
gresa,grace (object)
vigz,gracious
flov,gradual
gradi,graduate
txif,grain
pref,gram
grando,grand
blaz,grandfather
grandoyo,grandly
grandowalita,grandmother
serp,grandson
fimz,grant
grepa,grape
,grapes
,grasp
grasa,grass
blixa,grasshopper
xroz,grateful
gravi,gravitate
grava,gravity
lort,gray
hund,greasy
greto,great
,greater
,greatest
flem,greed
brin,greedily
brer,greedy
fred,
,grey
grifa,grief
grifixoma,grievance
grifi,grieve
gliq,grieving
grimo,grim
lerta,grime
grimoyo,grimly
lerto,grimy
grina,grin
grini,grin (action)
,grind
xleti,grip
xarp,gritty
purd,grope
tizd,gropingly
kugz,grossly
gospa,ground
srix,group
,grove
vlep,grow
,growth
vlev,grubby
,grudge
,gruel
garna,guarantee
garni,guarantee (action)
gardi,guard
gesta,guest
lalt,guide
hurz,guilefully
galta,guilt
galti,guilt (action)
losk,guiltily
galto,guilty
kraz,guitar
,gullet
,gums
vrit,gun
nost,guts
vaft,habit
lalp,habitat
snaz,hadron
bluv,hair
xrum,hairless
,hairy
blika,half
fluf,halfway
smoq,hall
narp,halting
luqk,hammer
hampa,hamster
liska,hand
liskoyo,handily
yond,handle
brid,handsomely
lisko,handy
brat,hang
yarp,hanging
drul,happen
harpohi,happily
harpa,happiness
harpo,happy
kend,hard
xriq,hardly
friv,hardworking
,hare
kisp,harm
klav,harmful
susp,harmfully
nindo,harmless
nindoyo,harmlessly
trun,harmony
dogz,harmony energy way
froro,harsh
plap,harshly
plen,harvest
hesto,haste
vleq,hat
,hate
laft,hateful
hanti,haunt
hantiho,haunted
kitx,have
muqk,hawk
,hay
zust,head
glik,head-on
sneg,headfirst
gumd,heal
hafta,health
haftoyo,healthily
hafto,healthy
smovi,hear
vlak,heart
,hearth
nesp,heartlessly
glir,heat
driqa,heaven
vrol,heavenly
breg,heavily
kramo,heavy
hekograma,hectogram
hekomirta,hectometer
glez,hedgehog
digz,hedgehong
muft,height
,heir
bufk,helicopter
gehima,hell
xliv,hellish
gehimahixoyo,hellishly
slog,help
plop,helpful
doft,helpfully
txoz,helpless
xlur,hence
,herd
,herds
srup,here
vrop,hereby
wetx,hermitage
snub,hero
blib,heroically
bumd,hesitant
grit,hesitantly
txab,hesitatingly
,hidden
zulz,hidden meaning
xlep,hide
flup,hideous
pran,hideously
kesk,high
kyes,hike
tosko,hilarious
gutxa,hill
yiqk,hinduism
galz,hindward
,hinge
xlat,hip
glam,hippo
triz,hippopotamus
plov,hire
hiski,hiss
hiskipuma,hisser
hiskiha,hissing
matx,historical
ruzd,history
dras,hit
,hoarse
,hog
sart,hold
grul,hole
xrem,holiday
walz,hollow
,holy
star,home
sriko,homeless
srika,homelessness
xusk,homeward
xres,homologous
slumo,honest
plup,honey
menxa,honor
menxakano,honorably
vuspa,hood (sweater/gear)
,hoof
plor,hook
,hooked
fref,hop
glema,hope
glemi,hope (action)
glemifolo,hopeful
glemifoloyo,hopefully
glemilofoyo,hopelessly
blub,hopingly
mund,horizon
xmed,horizontal
peft,horn
,horocycle
serd,horrible
smex,horribly
horsa,horse
prov,hospital
,host
xras,hostile
smep,hostilely
kitxo,hot
tamz,hotel
kitxa,hotness
vreva,hour
xord,hourly
wenzi,house
murdo,however
blax,hub
tror,huge
vlof,hugeously
smur,hulking
xlon,hum
guqk,human
xlag,humanely
hanavo,humble
drin,humblingly
txepi,hunger
srom,hungrily
puft,hunt
gluf,hurricane
xramiho,hurried
xramihoyo,hurriedly
xrami,hurry
glig,hurryingly
dulp,hurt
kyif,hurtfully
mand,hurtlessly
vrid,husband
frer,hushed
zezdo,husky
zezda,huskyness
,hyper
purba,hyperbola
,hypercycle
wefk,hyperon
suvaka,hypocrisy
suvakopuma,hypocrit
,hypothesis
xmixa,ice
xmixo,icy
,idea
tista,ideal
srax,identifiably
yetx,identify
zerta,idiot
zerto,idiotic
,idle
begz,idol
pleq,ignorant
vlup,ignorantly
profi,ignore
wisp,ill
snuv,illuminate
kyoda,illusion
smisi,illustrate
krax,image
bastikano,imaginable
plev,imaginably
basto,imaginary
nagz,imagination
krub,imaginative
basti,imagine
,imitating
txox,immaturely
mirdo,immediate
zorp,immediately
,immerse
xist,immoderately
neft,immortally
nugzi,immune
napurfo,imperfect
plemi,implement
flub,imply
txib,impolite
lomdo,important
yarz,importantly
dasp,importune
xosk,impose
nafruvo,impossible
trof,impossibly
xlak,imprecisel
srosi,impress
slaf,impressively
ganz,improve
xmib,inappropriately
flen,inaudibly
puzd,inboard
sind,inch
,incisor
herp,include
tegz,incompletely
xezd,inconsiderably
grol,incorporate
bonz,incorruptibly
kord,increase
vrom,increasingly
xlin,incredible
yisp,incur
vlok,incurably
wizdi,indicate
wizdixoma,indication
glul,individual
bluvoyo,individually
porpi,induce
porpixoma,induction
brir,inefficiently
wird,inertia
,inertia
bulp,inexpensively
xluma,infant
rezd,infection
fesp,inferior
xloq,infidelity
,infinitesimal
,infinity
,inflammation
,inflict
desp,influence
werp,inform
,inhabit
pegz,inhumanly
srox,initial
grepi,initiate
saqk,initiation
hinzi,injure
hinzaya,injuries
hinza,injury
yurt,ink
zeqk,inland
smiq,inner
kusp,innocence
klin,innocent
nind,innovation
fliz,input
vlim,insanely
wert,insecurely
zuqk,insensitively
klug,inshore
mond,inside
kyiv,insist
xmuk,inspect
mofexihayo,inspectingly
xusp,inspector
sparaxoma,inspiration
spari,inspire
yurp,install
dosk,instant
zifto,instead
,instep
xrud,institute
,instrument
,insulate
xogz,insulted
lusk,intact
vundi,integrate
klig,integrity
blusa,intellect
bluso,intellectual
merd,intelligent
kyos,intend
krop,intense
blan,intention
,inter
hinz,interactive
vref,interest
vreq,interestedly
pirp,interesting
plud,interestingly
tomzi,interfere
tomza,interference
smak,interim
vrab,interior
yalpo,intermediate
sruz,internal
kros,internet
bert,interpret
kunz,interpretation
vazd,interruptedly
vrer,intertwine
tirvi,interview
tirva,interview (object)
,intestine
,intimidate
pufk,into
wisk,introduce
brov,introspection
,intuition
brab,invalid
zirz,invalidly
,invariant
trosa,inventory
vesti,invest
slos,investigate
vestiha,investing
vestipuma,investor
furt,invincible
xlax,invisible
hanfi,invite
gult,involve
,iridescent
,iris
dren,iron
txip,irrelevant
runz,irrelevantly
domzikanona,irreversible
xart,irritable
srab,irritating
ward,islam
larz,island
,iso
zesti,issue
,itch
hard,itchy
vrup,item
kuqk,jaded
limdo,jagged
rend,jail
xusta,jam
gort,january
,jaundice
,jaw
plaga,jazz
plago,jazzy
linz,jealous
,jealousy
teqk,jeeringly
prez,jelly
brosa,jellyfish
,jest
kofk,jet
vurt,jittery
bluf,job
gurd,joblib
smofi,join
snaki,joint
bluka,joke
gruf,jollily
perp,jolly
sosk,joltingly
raspa,journey
vleb,joy
visk,joyful
xmoz,joylessly
kyol,joyous
futx,joyously
zafk,judaism
xolt,judge
srir,juice
somi,juicy
glex,july
rerp,jumbled
srot,jump
rugz,jumpy
tost,june
bozd,junior
drag,just
zedaka,justice
yenz,justify
prep,justly
,jut
preb,kangaroo
zand,kaon
zetx,keen
blanoyo,keenly
rizd,keep
nisko,kempt
snid,key
prar,kick
,kidney
yast,kill
kilograma,kilogram
kilomirta,kilometer
vagz,kind
zost,kind-hearted
xrab,kindheartedly
vinda,king
vindadoma,kingdom
,kingfisher
vindo,kingly
bled,kiss
kitxena,kitchen
brum,kitten
,kitty
xruz,knee
zalta,knife
xliz,knight
yifk,knock
serti,knot
frax,knotty
mult,know
trag,knowingly
txus,known
,knuckle
xamd,koala
loqka,label
loqki,label (action apply label)
fisp,labor
west,lack
durz,lacking
zumd,lacy
gleg,ladder
kufk,lady
loft,lake
,lamb
snezo,lame
snib,lamely
sneza,lameness
,lament
brix,lamp
,lance
glix,land
xram,lane
gles,language
hozd,laptop
noqk,large
vofk,largest
,larva
,larynx
sriz,late
salt,lately
lirt,later
xmop,laterally
smagi,laugh
smaga,laugh (object)
purz,laughable
kift,laughably
nisti,launch
landa,laundry
landi,laundry (action)
kulp,lava
kumda,law
plof,lawful
kyuf,lawyer
festi,lay
prob,lay person
rand,layer
kluq,lazy
muqki,lead
muqkipuma,leader
,leaf
,league
xaqk,lean
srod,leanly
vlud,leap
zesti,learn
zestiha,learned
brot,least
xluf,leather
krid,leave
rerz,lecture
,leek
plaq,leeward
mamda,left
bifk,leg
,legged
gruq,lemon
sriti,lend
leqka,length
leqkoyo,lengthily
leqko,lengthy
gist,lenient
snek,leopard
fluq,lepton
,less
plofi,let
plip,lethal
puqk,letter
xleka,level
xund,liable
prir,liberation
kult,library
tret,license
liqzi,lie
liqza,lie (object)
liqzipuma,lier
,life
bofk,lifelessly
lifti,lift
lifta,lift (object)
fliq,lifted
brus,light
lozd,lightning
sost,likable
nolt,likely
vrex,likewise
txom,lily
glif,limb finger
xrido,limber
balp,limit
surp,limitedly
dalz,limitlessly
krug,limping
famz,line
txot,linearly
vend,link
xmix,lion
xran,lip
fonz,liquid
slak,list
vlazi,listen
vlaziha,listening
fler,literarily
broq,literately
prem,little
blux,live
pluf,livelihood
xmok,livelily
lest,lively
rulz,liver
xliq,lizard
plab,load
blur,loathly
gulp,lobster
piqk,local
plupi,locate
plupixoma,location
kurp,lock
grov,log
,logarithm
,logic
xird,lone
glav,lonely
lorto,long
bist,longing
trut,longingly
bafk,look
merz,loose
,loosen
nomda,lord
,lore
lamz,lose
legz,losingly
,loss
smor,lost
vluz,lots
xlex,loud
landohi,loudly
rirz,lousy
mavikano,lovable
besp,love
glov,love (sacrificing for others)
risp,lovelily
maviha,loving
smavi,lovingkindness
punzo,low
punzoyo,lowly
snov,loyal
xmuka,luck
xmukoyo,luckily
xmuko,lucky
sroz,lumber
lampa,lump
lampahixo,lumpish
lampahixoyo,lumpishly
lampo,lumpy
freb,lunch
vulp,lung
lusti,lust
,lying
zugz,machine
,mackerel
xmado,mad
mord,madly
xmada,madness
zind,magazine
krud,magic
hunz,magical
,magnet
marz,magnificent
,maiden
xlud,mail
kleb,mainly
menteni,maintain
mentenixoma,maintainance
trid,majestic
fuzd,major
dolp,make
yumd,make holy
pirt,maker
plug,male
xlix,malicious
xurz,mall
vruv,mammal
vloz,man
glap,manage
xmid,manager
dreq,mango
,manifold
klek,manipulate
nulpa,manner
hindo,manual
hindoyo,manually
rumd,manufacture
werd,many
karta,map
martxi,march
yimz,maritally
semz,mark
momd,marked
klun,market
rinza,marriage
lard,married
,marrow
rinzi,marry
,marsh
xmoma,martyr
marvi,marvel
marvo,marvellous
marvoyo,marvellously
marvo,marvelous
marvoyo,marvelously
,masculine
fagz,mask
snaf,mass
wulz,massive
,master
resp,match
wagz,mate
hutx,material
,matrix
porz,matter
xusto,mature
xustoyo,maturely
klam,maximum
vugz,may
kyun,maybe
blat,meadow
wutx,meagrely
smes,mean
txoga,meaning
txogafolo,meaningful
prex,meaningly
klax,meanly
ginz,meantime
snoz,measure
plaka,meat
plako,meaty
brof,media
blema,medicine
regz,meditation
vlik,meditatively
xlap,medium
mulko,meek
mulkoyo,meekly
zend,meet
megograma,megagram
megomirta,megameter
vrar,mellow
nagamo,melodious
nagama,melody
vurz,melt
zamd,melted
buft,member
,membrane
kalz,memorable
dinz,memorize
drut,memory
,men
goqk,menace
merp,menorah
halt,mental
snes,mention
vlodi,mentor
vlodipuma,mentor (person)
parz,merciful
slix,mercifully
nuskalofo,merciless
nuskalofoyo,mercilessly
nuska,mercy
vrez,merely
snos,merit
glad,merrily
,merry
xrin,meson
vaqk,message
gosp,messenger
disk,messy
kreq,metal
gunz,metallically
,meter
,metric
mikograma,microgram
mikomirta,micrometer
pust,mid
bralo,middle
fatx,middling
kyox,midmost
bralozalza,midnight
roqk,midnightly
namz,midway
bluz,mighty
vlam,mike
,mild
grer,mile
milograma,miligram
milomirta,milimeter
varz,militarily
yolza,military
yolzo,military (feature)
milka,milk
tufk,milkily
klix,milky
rofk,mill
wotx,millisecond
dift,mind
rurt,mindless
fiqk,mine
disti,minister
lolp,minor
,mint
vrov,minute
,miracle
merara,mirror
grir,mischevious
beft,miserable
flur,miserably
flar,misinform
frib,missile
mista,mist
misti,mist (action)
xolta,mistake
xolto,mistaken
xoltoyo,mistakenly
mistoyo,mistily
xolti,mistook
misto,misty
,mite
fruf,mix
pult,mixed
husti,moan
hustafoloyo,moanfully
,mob
feft,mobile
srex,mockingly
gluda,model
gludi,model (action)
rarto,moderate
rartoyo,moderately
tolp,modern
sregoyo,modernly
xulto,modest
xultoyo,modestly
xulta,modesty
xmami,modify
prod,modulo
,moisten
kyop,moistly
,mold
dris,moldy
srit,mole
lurp,molecule
molti,molt
xror,momentously
slom,monday
druz,money
zamzi,monitor
srop,monkey
drob,monstrous
kyoq,month
,monthly
,mood
korz,moody
munta,moon
frim,moor
vlini,mope
,morbid
xoqk,more
snig,moreover
kyud,morning
,mortal
brav,mosque
glux,moss
frap,most
dram,mother
wind,motherless
,motion
kyav,motionless
mofk,motionlessly
vrus,motive
xlip,motor
pliba,motorcycle
plibo,motorcyclic
,mound
monta,mountain
slon,mourn
hiqk,mouse
,moustache
klir,mouth
hotx,movably
girz,move
muvixoma,movement
vert,movie
,much
xleg,mud
glun,muddily
barzi,muddle
lart,muddy
plar,muffled
sirt,muggy
xiqk,muon
brag,murder
floq,murky
srid,muscle
vumz,museum
yurta,mush
yurtoyo,mushily
glak,mushroom
temd,mushy
slora,music
krip,musical instrument
dirt,musingly
,mustard
penz,muster
yorti,mute
prol,mutely
,muzzle (mouth lock)
sraq,mysterious
mustoyo,mysteriously
musta,mystery
vrof,nail
holz,naive
,naked
sleg,nakedly
kotx,name
numograma,nanogram
numomirta,nanometer
narto,narrow
mutx,nasty
,nation
vrek,natural
yagza,nature
ruqk,naughty
klaq,nauseating
glipa,naval
pugz,navel
nirt,navigate
pisp,nblingly
lult,near
,nearer
tatx,nearest
bizd,nearly
wemdo,neat
xefk,neatly
fardoyo,necessarily
fardo,necessary
grif,neck
nordi,need
gomda,needle
nordo,needy
,negation
rarz,negative
drot,negotiate
glug,neighbor
fwina,nephew
,nerve
smal,nervelessly
truv,nervous
nesta,nest
xolzi,net
xolza,net (object)
blir,network
smot,neutrino
kyen,neutron
xluz,never
dror,nevertheless
wogz,new
nust,news
nustowariga,newspaper
nikx,next
vift,nice
xrul,nicely
mwana,niece
rart,night
rumz,nightlong
zalzoyo,nightly
turz,nimble
smip,nine
navofoldo,ninefold
,nineteen
,ninetieth
,ninety
yoqk,ninth
slov,ninthly
xirt,nippingly
,nipple
txul,noble
krum,nobly
xlol,nod
zazd,noise
xrizo,noisy
nomini,nominate
nanobamihazo,noncreative
draz,none
xafk,nonetheless
yotxo,normal
briv,north
slas,northern
tisk,nose
,nostril
xlik,not
firp,notable
,note
noti,note (action)
lutx,note (musical)
fruq,note-a
flum,note-a#
wasp,note-b
zird,note-c
vlaq,note-c#
tosp,note-d
vest,note-d#
kasp,note-e
slik,note-f
rurp,note-f#
hift,note-g
kosp,note-g#
yigz,nothing
votxa,notice
votxi,notice (action)
surt,noticeable
lalz,noticeably
,nourish
mosk,nourishment
friq,novel
klof,november
smoga,now
kleg,nowadays
kruf,npy
dulta,nucleus
,nude
zurt,null
,numb
tifk,number
yazd,numerous
norz,nurse
,nut
xmod,nutritious
lask,nutty
plif,o'clock
xond,oak
,oar
,oats
slig,obedience
smum,obedient
vrok,obese
snan,obey
xosp,object
karp,object of senses
flap,obligation
,oblique
lomz,obnoxiousness
niyamikanoyo,observably
niyamixoma,observance
niyamo,observant
snup,observe
vogz,obtain
bluq,obtainable
kyex,obvious
kriz,occasionally
kemdixoma,occupation
wuzd,occupied
bulza,occupied with
kemdi,occupy
drus,occur
grima,ocean
blez,october
trop,octopus
srip,odd
yusp,oddly
hodora,odor
hamz,odorless
tard,off
blid,off-key
vluq,offbeat
xlul,offensive
xlut,offensively
sinz,offer
zegz,offering
vret,offhand
hoyfa,office
blol,officially
pert,officiate
sluz,offshore
gliz,offside
flef,often
vust,oftentimes
ziqk,oil
flib,okay
rerd,old
lifta,olive
huzdikano,omissible
huzdixoma,omission
huzdi,omit
smok,one-handed
kliq,only
xask,onshore
sreq,onside
fanz,onstage
txid,opaquely
zolpo,open
zolpi,open (action)
romz,open space
zolpokano,openable
zolpiho,opened
zolpotula,opener
zolpiha,opening
zolpihaya,openings
zolpoyo,openly
vulpi,operate
vulpixoma,operation
,opinion
,opposed
xorzo,opposite
xorzoxoma,opposition
yerzi,oppress
vitxa,optic
vitxo,optical
vitxoyo,optically
vitxaha,optics
migz,optimal
somz,optional
kledo,orange
mordi,order (action)
mordahi,orderly
post,ordinary
nest,organ
fospi,organise
megzi,organize
vrag,oriented
bift,origin
trex,original
grutoyo,originally
,ornament
falt,orphan
yaqk,ostrich
vost,otherwise
flom,otter
malz,ought
,ounce
klim,out
hulz,out-of-doors
srina,outdoor
,outer
glus,outside
bend,outward
beska,oven
brubo,over
zesko,overall
gruxo,overboard
slur,overcome
kyev,overhand
nafk,overnight
bezd,overseas
nolz,overtake
fulp,overthrow
zotx,overwhelming situation
xofk,owe
buma,owl
tefti,own
,ownership
berd,ox
,oyster
,pace
smozi,pack
,pact
valta,paddle
valti,paddle (action)
slama,page
kezd,pain
xmaz,painful
hirz,painfully
penta,paint
penti,paint (action)
pentaxola,painter
megz,painting
prera,pair
bloz,palace
,palate
glib,pale
xrot,palm
greb,pan
pinda,panda
wegz,panel
plumi,panic
vlat,panicky
datx,pants
snar,paper
pruba,parabola
,paradox
,parallax
frir,parallel
xlab,parallelly
xolpa,park (place)
trab,parrot
purmi,partake
droq,partial
durd,partially
fifk,participate
xrav,particle
partipuma,partier
,partition
klus,partner
,partridge
parti,party
xmoqi,pass
vetx,pass over
rird,passably
,passage
xlod,passenger
,passion
vomd,past
frazi,paste
,pasture
srat,pat
,patch
xlog,path
wospo,pathetic
wospoyo,pathetically
woqk,patient
vris,patiently
vumd,pattern
,paunch
,pause
hosp,pay
,pea
folt,peace
blas,peaceful
pisafoloyo,peacefully
,peach
verz,peacock
slep,peak
,pear
,pebble (small rock)
worp,peck
,peculiarity
smen,pedal
bost,peel
vast,peevish
yemz,pelican
koft,pen
burp,pencil
sumz,penetrable
xmik,penetrating
frev,penguin
prun,people
,pepper
temz,perceive
purfo,perfect
tist,perform
vlux,perhaps
prifo,peripheral
prifa,peripheral (object)
xlad,permanent
tuft,permanently
wend,permissible
xlis,permission
hosk,permit
,permutation
,perpendicular
yafk,perseverance
bluni,persist
bluno,persistent
blunoyo,persistently
plep,person
slag,personal
trap,perspective
frezi,persuade
humd,pet
petograma,petagram
vlop,petal
petomirta,petameter
,pharynx
pemd,philosophy
husk,phone
xmax,photo
yerp,photograph
hoqk,photon
ketx,physical
kwerpa,physical body
lemd,physically
,pi
yunz,piano
rinzi,pick
tozd,pickaback
pimograma,picogram
pimomirta,picometer
xriv,picture
holt,piece
klibi,pierce
meqk,piercing
kyit,piercingly
pliq,pig
brud,pigeon
desk,piggyback
,pillar
mask,pillar/column
zosk,pillow
txuma,pilot
xlaf,pin
leqk,pine
nigz,pink
grun,pion
fift,pioneer
pimz,pipe
klaf,pit
,pitch
,pity
kyan,pityingly
xagz,place
krox,place of worship
plegi,plague
yifto,plain
plin,plain (without frill)
smuk,plainly
,plait
plana,plan
plani,plan (action)
dran,plane
mirz,planet
gros,planet earth
losp,plant
xalp,plastic
pleta,plate
klet,platform
,play
pleqi,play (action)
pleqa,play (object)
pleqapuma,player
,plead
plizdo,pleasant
plizdoyo,pleasantly
plizda,pleasantness
plizdosufaya,pleasantries
plizdosufa,pleasantry
flis,please
pliki,pledge
xunz,plenty
hert,plow
,pluck (pick off)
plugi,plug
,plum
zanza,plumb
voft,plumlike
vlag,plump
plundi,plunder
,plunge
grib,plush
gusp,pocket
walt,poem
griz,poet
smef,point
,pointed
kemd,poison
gotoba,pole
flaq,police
bres,polish
lurd,polite
frop,pollute
lapodrana,polygon
laposnaga,polytope
plux,pond
pandi,ponder
vask,pool
sruko,poor
srukoyo,poorly
krat,pop
gomz,popular
kirt,porch
porka,porcupine
droz,pork
porn,porn
nezda,port
smeb,portable
glup,positive
xmuf,positively
bruf,positron
xozd,possess
,possession
fruv,possible
pifk,post
vloq,post-free
,postulate
kuzd,pot
lomd,potent
vruq,potential
,pouch
glera,pound
xafaka,pour
plag,poverty
dagiga,powder
gefk,power
drug,powerful
zitalofoyo,powerlessly
zurpo,practical
zurpoyo,practically
venzi,practice
preza,praise
prezi,praise (action)
xmas,pray
,prayer
left,preach
burt,precious
slod,precise
vrem,precisely
drub,prefer
,pregnant
primo,premature
smuq,prepare
list,present
zumz,preserve
xrit,president
difk,press
xanz,pressing
,pressure
slis,presume
prit,pretty
sman,prevent
,preventive
privo,previous
,prey
kyul,price
,prick
txut,prickly
krami,pride
drat,priest
xrof,primary
,prime
kris,prince
sleq,princess
bomd,principle
kyag,print
,prior
lolt,prison
xreko,private
xrekoyo,privately
glin,prize
dend,problematically
kyeb,proceed
flab,process
,proclaim
lamobami,procreate
drun,procure
,prodigy
kres,produce
pardi,profane
frif,professionally
sloz,program
gran,progress
txim,prohibition
brik,project
srib,promise
wosti,promote
wostixoma,promotion
kruv,promptly
drek,proper
brul,properly
,property (personal property)
pulz,prophet
smol,propose
xmuv,proposition
kluf,prosecute
zist,prosperity
,prostitute
dugari,protect
dugariha,protecting
txav,protectingly
snut,protest
wosp,proton
gagz,proud
xlef,prove
xlek,proverbial saying
plef,provide
prudo,prudent
,prune
,pseudo
vamd,public
praz,public name of god
farp,publish
turd,pulingly
hizd,pull
,pulse
pampa,pump
pampi,pump (action)
bruq,punch
forp,punctuation
,puncture
ferp,pungent
pruzi,punish
pruziaxoma,punishment
nomz,puny
blesi,purchase
blesa,purchase (object)
darz,pure
gredo,
porma,purr
pormi,purr (action)
,purse
menz,pursue
,pus
xmes,push
blud,put
rift,pyramid
bimd,qualify
srux,quality
nofk,quark
nand,quarter
,quaternion
blak,queen
flad,queenly
nift,question
vlos,questionable
fram,queue
kwiko,quick
vlen,quickest
grin,quiet
prog,quietly
fruk,quirky
zalp,quit
xast,quite
sagz,quote
,quotient
halp,rabbit
vlero,rabid
,race
vruda,race (ethnicity)
bult,racial
hend,radar
,radian
,radiate
marta,radio
yorzo,ragged
heft,rail
sikatotahoka,railway
krebi,rain
preka,rainbow
brig,rainy
,raise
,rancid
rando,random
randoyo,randomly
zurp,range
reqk,rank
gatx,rapid
freki,rapture
frem,rare
raxko,rash (bad decisions)
raspa,rasp
raspo,raspy
valt,rat
snoqi,rate
zoqk,rather
,rational
pomzo,ratty
folp,raven
,raw
forz,ray
xros,reach
ridi,read
ridikano,readably
snad,readily
xort,ready
drego,real
kyov,realistically
yosp,reality
xlun,realize
xrob,rear
yult,reason
xrizakano,reasonably
gifk,reassured
siqki,rebel
siqkixoma,rebellion
tomd,rebelliously
siqkiya,rebels
smet,rebirth
tusp,recall
lotx,receive
xlit,recent
srum,recently
,reciprocal
lerp,recite
ritx,reckless
frok,reckon
,recline
blam,recognise
xonz,recognition
dref,recognize
lund,recollection
tespi,recommend
xmef,reconcile
xmek,record
vluk,recover
vlez,recruit
nekodrana,rectangle
turt,recur
kluv,recurrently
dred,red
xifti,redeem
srun,reduce
,reed
klifi,refer
totx,reference
klifixoma,referral
klipi,refine
klubi,reflect
klubixoma,reflection
,refraction
gruzi,refresh
kifk,refreshingly
masti,refuse
frig,regard
derp,regardless
,region
rigz,register
kyek,regret
gulpo,regular
gulpi,regularize
guployo,regularly
vruf,regulate
sres,reign
yasp,reinforce
vred,reject
flir,relate
,relating
xref,relationship
tigz,relative
rifk,relatives
laksi,relax
laksixoma,relaxation
lakso,relaxed
lalzi,release
lalza,release (object)
dond,relevant
txaq,relevantly
tinz,reliable
ziska,relief
ziski,relieve
pleb,religion
garp,rely
klud,remain
wumdi,remember
xmag,remembrance
brak,remind
xlug,remote
xluma,removal
xlumi,remove
xlumiho,removed
rundi,render
rundaxoma,rendering (result)
pleti,renew
rinozolpi,reopen
xotx,repair
ramzi,repeat
ramziho,repeated
kraxi,repel
trub,repellently
kraxiha,repelling
kraxihayo,repellingly
glum,repentance
pafk,replace
slap,reply
,report
toft,reporter
prixi,represent
prixixoma,representation
dosp,reproduce
,reptile
dolt,repulsive
slaz,request
klur,require
holp,rescue
virti,research
virta,research (object)
xlus,reside
xmero,residual
xmera,residue
kagz,resignedly
,resin
folz,resolve
bardi,respect
barda,respect (object)
,respectful
prib,respond
ruft,responsible
slaq,responsive
xrik,rest
krak,restfully
kron,restore
rust,restored
sorz,restrainedly
wonz,restrict
rast,restrictedly
vlad,result
pliz,retain
plazi,retire
blum,retreat
molp,retribution
snavi,retrieve
glog,return
kregi,reveal
kregixoma,revelation
brenti,reverent
brento,reverential
brentoyo,reverentially
domzi,reverse
domzikano,reversible
srut,review
nefk,revolting
slem,revulsion
warda,reward
wardi,reward (action)
zuft,rhyme
,rib
,ribbon
priv,rice
sunt,rich
txed,rid
purti,ride
larzi,ridicule
bisp,ridiculous
larzoyo,ridiculously
larza,ridiculousness
rozd,rifle
,right
gluka,right (side)
xmeta,right (wrong)
tomz,righteousness
xmetafolo,rightful
xmetafoloyo,rightfully
garpo,rigid
garpa,rigidity
,rigor
tust,ring
tram,ringingly
xumd,riot
xlepo,ripe
vinz,ripely
xlepi,ripen
zomd,rippingly
nunz,rise
risk,risk
blon,ritual purification
,rivaling
klen,river
glem,road
gror,roar
kyomi,roast
kyoma,roast (object)
srer,rob
putx,robin
kert,rock
mirpa,rocket
,rod
balz,roll
snof,roof
wimd,room
land,root
vist,rope
vlut,rose
zerp,rosily
smoqi,rot
,rotate
rolt,rotten
xugz,rough
nosp,round
patx,roundabout
,rounded
pefk,roundly
,rouse
,row
gufk,royal
,rub
hisk,rubber
fluk,rude
fardobalta,rugby
dazdo,rugged
dazdoyo,ruggedly
lindi,ruin
lindaha,ruins
goski,rule
goska,rule (object)
,ruler
hurp,run
sneq,rural
vrun,rush
xufki,rustle
xufkiha,rustling
xufkihayo,rustlingly
femz,rusty
kleq,sack
damz,sacred
slun,sacred/holy
smab,sacrifice
slado,sad
,saddle
slada,sadness
plix,safe
krom,sage
berp,sagely
moqki,sail
gizda,salmon
sugz,salt
glaz,saltily
duqko,salty
duqkonesa,saltyness
sluti,salute
vrux,same
tord,sand
klol,sandy
santa,santa
sarko,sarcastic
sarkoyo,sarcastically
smoxa,sass
smoxo,sassy
lazd,satisfied
danzi,satisfy
danziha,satisfying
xabata,saturday
savaza,savage
savazo,savage (feature)
lond,savagely
gerd,savory
snul,saw
wumzi,say
,scalar
smat,scale
,scaly
skanto,scant
skantoyo,scantly
daqk,scapegoat
gruk,scarce
wusti,scare
wustiho,scared
wustoyo,scarily
wusto,scary
skati,scatter
bogz,schedule
paftiha,scheming
henz,scholar
skula,school
skuli,school (action)
txat,science
resk,scientist
zonzi,score
,scrape
veqk,scratch
smus,scrawny
skrimi,scream
skrima,scream (object)
wirp,screamingly
skritxi,screech
skritxo,screech (object)
sroqa,screen (display)
burz,screw
,screw
smaq,scrub
smax,sea
blig,sea urchin
vrin,seagull
grimohorsa,seahorse
druv,seal
,seam
blodi,search
bloda,search (object)
blodiha,searching
yorpi,season
yorpikano,seasonably
blox,seasonal
krup,seat
kyut,seated meditation
breb,seawards
,seaweed
sofk,seclusion
dosayo,second
doso,secondary
yalz,secret
timz,secretary
kyap,sectionally
,sector
watx,secular
kyoko,secure
xufki,security
diqk,see
raqk,seed
sido,seedy
kutx,seek
vlor,seem
yalt,seemly
,seize
vrib,seldom
monzi,select
monzixoma,selection
famd,selective
rest,selectively
rost,self
na,self-control
braqi,selfish
treq,selflessly
mafki,sell
sleki,semen
nolp,send
,sensation
krib,sense
neqki,sensitive
neqkixoma,sensitization
drav,sensory reaction
slop,sensuality
vyogi,separate
vyogixoma,separation
xmar,september
bleq,series
frox,serious
xmab,serve
task,service
,set
blef,settle
fros,settlement
tift,severally
kegz,severe
gamz,severely
,sew
smov,sex
,sexual
,sexually
peqka,shade
zutx,shadow
,shady
,shaft
kroko,shaggy
trat,shake
vlem,shakily
pasto,shallow
truf,shallowly
warz,shame
bund,shamefully
,shank
xulp,shape
terd,shapelessly
,share
nert,shark
txug,sharp
,shave
nerz,shear
,shear
xlim,shed
litx,sheep
flop,sheet
kyuk,shell
smad,shelter
gron,shield
lost,shift
burdi,shine
kurz,shiningly
burdo,shiny
last,ship
snif,shirt
gurt,shock
flim,shocking
kyad,shoe
xmapi,shoot
xmapa,shoot (object)
blex,shop
wift,shore
betx,short
xortohi,shortly
snum,shoulder
harzi,shout
harziha,shouting
rusp,show
,shriek
kand,shrieking
snug,shrill
yamda,shrimp
nurp,shrine
txex,shut
liqko,shy
logz,sibling
vlal,sick
,sickle
vuft,side
hetx,sidelong
vizd,sideward
sesk,sidewards
slidawayno,sideways
yofk,sidewise
,sieve
,sift
vlab,sign
zolp,signal
find,signify
dreb,silence
trog,silent
maqk,silk
vefk,silky
plos,silly
grux,silver
,similar
gimd,simple
drid,simply
bort,sin
slino,since
,sinew
baspi,sing
drep,singer
witx,singingly
homz,single
mift,sink
hemda,sister
trix,sit
bazd,site
srin,situation
hagz,sixfold
kinz,sixth
furp,sizzling
husp,sketch
terp,ski
drit,skilfull
smap,skilfully
primo,skill
primofolo,skillful
mizd,skin
sask,skinny
vosp,skip
slud,skippingly
skurta,skirt
flag,skulkingly
blit,skull
snop,sky
yeft,skyward
,slab
,slack
kyax,slap
hulti,slaughter
,sleep
brun,sleeping place
vlopo,slender
,slice
fled,slick
sutx,slide
drox,slight
renz,slim
xerda,slime
xerdo,slimy
xmon,slip
tarz,slippery
xifk,slopingly
grup,sloppily
pluq,sloppy
slopo,slow
,slug
wart,sluggish
yamz,small
,smaller
smarto,smart
smarti,smarten
smartiho,smartened
smartomoro,smarter
smartomiso,smartest
smartohixo,smartish
valz,smartly
smarta,smartness
smartoya,smarts
smartoyipa,smarty
txoq,smash
,smear
smeli,smell
smela,smell (object)
foqk,smelly
fist,smile
vafk,smiling
kyim,smith
srek,smoke
smoldi,smolder
smuvo,smooth
txor,smoothly
,smudge
perd,snail
sneka,snake
snapi,snap
snapoyo,snappily
snapo,snappy
vraqi,snare
pred,sneak
sniki,sneak (move without being noticed)
drov,sneakily
sniza,sneeze
snifi,sniff
snaba,snob
snor,snore
snata,snot
,snout
snol,snow
txax,snug
nirz,so
kyat,soap
dufki,soar
dufkiha,soaring
dufkihayo,soaringly
gard,soccer
plem,socialize aimlessly
klos,society
prop,sock
saft,soft
foft,softball
xmot,software
yanz,soggy
reft,soil
flip,soldier
snob,solely
wegzo,solemn
wegzoyo,solemnly
tast,solid
banz,solitary
krivo,solitude
prin,solo
zopixoma,solution
zopi,solve
slomo,some
funz,somehow
bamz,someplace
xmem,something
faqk,something cheap and inferior
prok,something wonderful
sneb,sometimes
bisk,somewhat
xmun,son
tazd,song
snim,soon
,soothe
txig,soothingly
worz,sootily
kyet,sore
kirza,sorrow
smuf,sorrowfully
txos,sorry
sort,sort
trox,soul
xrak,sound
txin,soup
solpo,sour
solpoyo,sourly
kumpasala,south
kumpasalo,southern
kumpasalafonzo,southwards
,sow
dugz,space
netx,spare
sparki,spark
sparka,spark (object)
limzi,sparkle
limziha,sparkling
,sparrow
pospi,speak
,speaker
gundo,special
moqk,specialist
gundoyo,specially
breqo,specific
kyaf,specify
,speculation
flaf,speech
verda,speed
verdofoloyo,speedfully
verdoyo,speedily
verdo,speedy
disp,spell
lizd,spend
,spew
snod,sphere
glom,spherically
plegoyo,spicily
plego,spicy
spid,spider
,spike
txud,spiky
latx,spill
sisp,spin
,spine
,spiral
srug,spirit
srif,spiritually average person
,spit
,spleen
xrap,splendor
spliti,split
spoli,spoil
,spoke
txazo,spontaneous
wizd,spoon
sporta,sport
sportafoloyo,sportfully
drib,sportily
gotx,spot
mesk,spotless
bond,spray
vrap,spread
,spreading
zert,spring
mogz,sprinkle
,sprout
,spurious
gesosi,spy
flod,square
golt,squarely
flek,squash
,squeeze
kyaz,squid
skwarla,squirrel
,stabilize
stebo,stable
tref,staff
tefk,staff member
frak,stage
yomz,staggeringly
stena,stain
steni,stain (action)
,stair
,stake
stulo,stale
graq,stamp
mufk,stand
xmim,standard
,standing
stara,star
xlof,starchily
steri,stare
doqk,starfish
lifk,stark
,start
tamdi,startle
hoft,startlingly
plusi,starve
plusiha,starving
flez,state
ponzo,static
ponzoyo,statically
hofk,station
groxa,statute
kyami,stay
tesp,steadfast
morp,steady
virt,steal
vlus,stealthily
smug,steam
waqk,steamily
nard,steaming
xult,steel
smiv,steep
stiri,steer
,stench
grig,step
grop,step in time
prev,sterile
brax,stern
kalp,sternly
kyar,stick
smom,stickily
vanz,sticky
srev,stiff
stifi,stifle
stifiha,stifling
kyamo,still
snom,stimulate
vlet,sting
birp,stingily
brex,stingy
stiqki,stink
numd,stinking
stiqko,stinky
vlex,stir
frab,stirringly
trux,stock
,stomach
xrad,stone
prus,stonily
slet,stool
slob,stop
zefk,store
walp,stork
storm,storm
gazd,stormily
gusk,stormy
snap,story
broxo,stout
lenz,stoutly
,straddle
xirp,straight
pond,straightforward
srag,straightly
bred,straightway
,strain
puqko,strange
,strangle
lind,strawberry
,stray
striki,streak
strikiho,streaked
strikiha,streaking
sniz,street
preg,strength
vluf,strengthen
streno,strenuous
strenoyo,strenuously
heska,stress
stretxa,stretch
stretxi,stretch (action)
gliv,strict
strifi,strife
zatx,strike
straka,strike (object)
keft,string
kled,strip
fras,strive
,striving
lorz,stroke
straqo,strong
xrar,structure
tumzi,struggle
tumza,struggle (object)
gisko,stubborn
giskoyo,stubbornly
xenz,student
studaya,studies
lurt,studio
studi,study
studiha,studying
stufa,stuff
kuft,stumpily
stuni,stun
stuniha,stunning
stunihayo,stunningly
txet,stupid
hatx,sturdily sleekly
dirz,sturdy
dolza,style
dolzahixo,stylish
dolzahixoyo,stylishly
xispa,subject
vras,submarine
klis,submit
vark,subway
ganexi,succeed
ganexa,success
kalifa,successor
flev,such
,suck
,suction
tenz,sudden
glabi,suffer
glabiha,suffering
gesk,sufficient
kerz,sugar
frixi,suggest
frixixoma,suggestion
frixixomaha,suggestions
plak,suit
gulz,suitable
rusk,sullen
smek,sullenly
snef,summarize
bolt,summer
sulta,sun
gofk,sunday
truz,sunny
susk,sunrise
vegz,super
yiqko,superficial
yiqkoyo,superficially
blof,superior
vlun,supernatural
pulp,supervise
pirz,supplementary
,supplication
demda,supply
port,support
yirp,supportably
pumzi,suppose
pumzixoma,supposition
zaqk,sure
frov,surely
,surety
sospa,surface
krafi,surprise
krafa,surprise (object)
krafiho,surprised
,surrender
vlax,surround
prik,survive
vled,suspect
xmasi,suspend
xmasixoma,suspension
krodo,suspicious
krodoyo,suspiciously
zund,swallow
swana,swan
swapi,swap
swarmi,swarm
xemdi,sway
sweti,sweat
sweta,sweat (object)
swetiha,sweating
swipi,sweep
swito,sweet
switoyo,sweetly
kruk,sweety
,swell
drebo,swift
mitx,swim
,swimming
titx,swimmingly
swiqa,swing
swiqi,swing (action)
swiqipuma,swinger
vrax,swingingly
switxa,switch
switxi,switch (action)
hufki,swoll
hufko,swollen
klab,sword
,symmetry
benz,sympathy
flol,table
,tablet
plal,taboo
sotx,tachyon
,tackle
,tadpole
trok,tail
,tailor
fomz,take
vort,tale
xlir,talented
kozdi,talk
tarto,tall
tartomoro,taller
tartomiso,tallest
wuft,tame
fefk,tan
zamza,tangible body phenomena
sifk,tank
klex,tap
grix,tape
wist,taper
hirt,target
flep,tart
,tassel
testi,taste
testafolo,tasteful
sond,tasteless
testalofoyo,tastelessly
xmeg,tasty
flet,tau
smod,tautly
yend,tax
beqk,taxi
pluz,tea
damd,teach
wifk,teacher
flepi,team
xrig,tear
gand,tearful
frar,tearfully
,tears
blep,tease
teska,tech
tesko,techy
plomo,teenage
kyoz,teeth
nuft,telephone
woft,television
palpi,tell
palpa,tell sign
polp,temperature
flug,temple
vlig,temporarily
smar,temporary
dand,tempt
tind,tend
snez,tendency to give rather than take
slixo,tender
slixoyo,tenderly
,tenet
vrivobalta,tennis
ximz,tense
xret,tensely
,tensor
snas,tent
vrep,tenth
terograma,teragram
teromirta,terameter
,term
tormi,terminate
tormixama,termination
fotx,terrible
trifo,terrific
trifoyo,terrifically
zerd,terrified
lanz,territory
,testicle
krix,testify
teksa,text
xlav,thank
snam,thankful
xmux,thanklessly
vrak,that
punda,the public
kusk,theater
kliz,theatre
tusk,then
trek,thenceforth
blim,theory
xmip,therefor
txal,therefore
slid,thereof
,thesis
xrono,thick
xronoyo,thickly
durp,thief
,thigh
flino,thin
,thing
fund,think
flinomoro,thinner
,third
xruf,third-class
pliv,thirdly
vlaqa,thirst
vlaqoyo,thirstily
vlaqo,thirsty
snep,this
,thorn
pret,thorny
,thoroughly
,those
mezd,though
,thought
snuq,thought processes
rosp,thoughtful
kila,thousand
bruk,thread
kruta,threat
kruti,threaten
krutiho,threatened
gurz,threatening
,three
gluz,thrice
froli,thrive
,throat
sund,throne
pluro,through
glid,throughout
suzd,throw
sraz,thrust
,thumb
xred,thunder
flox,thunderously
kamata,thursday
samd,thus
gloq,ticket
,tickle
trido,tidal
tridoyo,tidally
trida,tide
tridaya,tides
kyer,tidily
blufo,tidy
blufi,tidy (action)
sigz,tie
triga,tiger
nerd,tight
,till
hugz,timber
,time
xrut,timely
bluno,timid
bluna,timidity
blunoyo,timidly
,tin
pemz,tiny
marda,tip
,tips
vler,tipsy
mardozolti,tiptoe
xlegi,tire
xlegiho,tired
xlegihoyo,tiredly
pird,title
blindi,to blind
misk,to tire
voqk,to watch over
,toad
dratafa,today
zolta,toe
,toenail
,toes
slex,together
krav,tolerantly
nikxodrata,tomorrow
lisena,tongue
vatx,tonight
vroq,tonque
gruqo,too
xlaz,tool
plir,tooth
,toothed
trob,top
,torch
gurp,tornado
,torque
wost,torrent
,torsion
grid,total
klev,touch
bremo,tough
lolz,toughly
brema,toughness
flax,tour
krob,tow
blupo,toward
yitxo,toxic
vosk,toy
kyor,trace
,trachea
yegz,track
tredi,trade
treda,trade (object)
tofk,tradition
haft,tragic
txek,trail
kyid,train
txuga,train (mobile)
txugomoheta,train station
fris,traitor
,trance
preq,tranquility
,trans
,transcendent
snen,transfer
frami,transform
framaxoma,transformation
fraq,transgression
bron,translate
vrato,translucent
vratoyo,translucently
slabo,transparent
slaboyo,transparently
tispi,transport
tispixoma,transportation
trapi,trap
trapa,trap (object)
trul,travel
grus,treasure
,treasury
wofk,treat
,treaty
busk,tree
xriz,tremble
lugz,trendy
salodrana,triangle
tribo,tribal
tribozima,tribalism
triba,tribe
ditx,tribute
trika,trick
triki,trick (action)
hask,trickily
trikihixo,trickish
trikihixoyo,trickishly
,trickling
slul,tricky
xinz,trim
trimi,trim (action)
trimo,trim (feature)
praf,trimly
fleg,trip
remz,triumphantly
,trivial
krep,tropically
snog,trouble
kamz,troubled
trota,trout
trusa,truce
gral,truck
tiqo,true
,truffle
tiqoyo,truly
,trumpet
grez,trunk
flin,trust
himz,trustfully
grem,trustworthy
somd,trusty
tiqa,truth
tiqafola,truthful
tiqayo,truthy
sitx,try
krol,tube
vlol,tuesday
tragi,tug (action)
traga,tug (object)
,tumor
setx,tunnel
xmox,turgently
troq,turkey
turni,turn
,turnip
flob,turquoise
blom,turtle
razd,tutor
dozd,tv
dosoyo,twice
,twig
smub,twist
sumd,twisted
,two
txur,twofold
taypi,type (action)
taypa,type (object)
srem,typical
,tyrant
vlon,tyrrany
,udder
slus,uglily
glito,ugly
glita,uglyness
glop,umbrella
kanona,unable
sulp,unarmed
xrez,unashamedly
vuqk,unattractively
naxitxakano,unavoidable
naxitxakanoyo,unavoidably
xren,unaware
plad,unbelievingly
xlev,uncannily
klan,uncaring
nalz,uncertainly
rert,unchanged
,uncleanness
kumz,uncomfortable
rulp,uncommonly
pluk,unconscious
krim,uncontrollably
nakwapoyo,uncooperatively
vlit,uncouth
rurd,uncover
xrer,uncovered
voqkihona,undefeated
drab,under
bamd,undergo
drabogospa,underground
ploq,undermost
blab,underneath
yaski,understand
yaskikano,understandable
yaskikanoyo,understandably
xuft,understanding
detx,understood
fert,undertake
xand,underwater
xrug,underwear
txup,undesirable
nanagitxihoyo,undistractedly
zisp,undyingly
,uneasiness
daft,unequal
wesk,unequally
luzd,uneven
bolp,unfailingly
yesp,unfashionable
xlar,unfavorably
flav,unflinchingly
kazd,unfold
wurp,unfortunately
sriq,unfriendly
vrut,ungenerously
rolz,unhappily
froz,unhappy
gust,unharmed
komd,unharmfully
nahafto,unhealthy
sazd,unhurtfully
yorgoforma,uniform
freq,uniformly
honz,uninitiated
txuk,unintentional
klor,uninterested
fral,unique
yorga,unity
halema,universe
trod,university
nanufa,unknown
trino,unless
degz,unlikely
zemz,unload
deft,unmercifully
drux,unnatural
grob,unnaturally
xmos,unnecessarily
weqk,unnecessary
kyob,unpleasant
xlob,unreachable
krul,unreasonable
naxrizakano,unreasonably
huqk,unsearchably
sirp,unsolidly
sler,unsuitable
blaf,unsupported
kyep,unsuspiciously
prut,unthankfully
xeft,unthinking
nutx,untiringly
bris,untruly
xmen,unused
srog,unusual
gren,unwillingly
prupo,up
ponz,upbeat
tonzi,update
tonza,update (object)
snox,upgrade
prupogutxa,uphill
vlaf,uphold
,upon
snux,upper
frut,upriver
volt,uproar
turpa,upset
sriv,upsides
xmut,upstaging
kyup,uptown
xrup,upward
truk,upwards
sezd,urge
,urine
flun,use
plit,used
klog,useless
fren,usual
memz,utilize
,utmost
krem,utter
srep,utterance
blip,utterly
,uvula
fruqo,vacant
sift,vacantly
fruqi,vacate
,vacuum
,vain
zemd,validly
dutx,valley
tagz,valuable
dopakanoyo,valuably
klob,van
norp,variable
vardo,various
druf,variously
gerz,vary
txiv,varying
dral,vast
,vault
,vector
vlug,veeringly
fitx,vehicle
nikaba,veil
nikabi,veil (action)
,vein
,venom
,verge
freg,verify
zinz,verse
,vertebra
vram,vertical
verpo,very
konz,vessel
txaf,veteran
blogo,via
,vibrate
vlato,vicious
xriba,victim
zart,video
lesk,view
rorz,village
,vinegar
triga,violence
trigo,violent
trigoyo,violently
glodi,violin
xalto,virgin
xalta,virginity
,virtual
torp,virtue
grod,virus
blen,visible
zanz,vision
limz,visit
krit,visitor
xlas,vital
sret,vivid
glet,vividly
glen,vocalize
brep,vocally
vutx,voice
serz,void
pros,volcano
sreb,volleyball
sran,volume
,vomit
xesk,vote
gasp,vow
graz,vowel
tonz,voyage
srub,vulture
,vulva
fluv,wages
,wail
plim,wailingly
,waist
wetipuma,waiter
wetiha,waiting
klux,wake
snix,wakeful
minz,walk
kroz,wall
,wallet
sruda,walrus
,wander
mert,wandering
wanti,want
wanta,want (object)
xleb,war
kafto,ward
fonzo,ward (skyward)
wormo,warm
wormoyo,warmly
worma,warmth
rotx,warn
praq,warrant
swaxi,wash
frup,wasp
blag,waste
pest,wasteful
marp,watch
,watchful
brim,watchfully
pruva,water
pruvaslofi,waterfall
dofk,watery
metxi,wave
,waver
plun,way
huft,weak
plam,wealth
yufk,wealthy
yift,weapon
nesk,wear
homdoyo,wearily
homdo,weary
walpa,weather
glek,web
kyib,web (internet)
blos,wed
tolz,wedding
,wedge
nekata,wednesday
kyaq,wee
xesp,week
txomo,weekly
sloxi,weep
sloq,weigh
warpa,weight
srav,weighty
wirdo,weird
wirdoyo,weirdly
nolpa,welcome
nolpi,welcome (action)
,welfare
nart,well
palpa,well-being
kumpaneka,west
gind,western
gonz,westward
pres,westwards
txuz,wet
hork,whale
,wheat
hant,wheel
kriri,wheeze
kriroyo,wheezily
kriro,wheezy
klif,whereby
zimz,whereve
grefo,whether
,whey
,which
plezi,whip
,whisper
xles,whispering
sner,whistle
xled,white
,who
proq,whole
fogz,wholesome
drar,whopping
remd,wicked
warto,wide
host,widely
wartomoro,wider
wartomoko,widest
wurza,wife
xrov,wiggly
grab,wild
plur,wilderness
tras,wildly
rutx,wilfully
,will
dund,willfully
vezd,willing
,willow
brixi,win
brixa,win (object)
vres,wind
bral,window
,windpipe
draf,windy
brip,wine
dreta,wing
,wink
binz,winner
vard,winter
,wintry
,wipe
swika,wire
swiki,wire (action)
swiko,wiry
greq,wisdom
plavi,wise
mamz,wish
letx,wishfully
fosk,witch
vlin,with attachment
bruz,with depth and in detail
xmav,withdraw
lasp,without
segz,without attachment
lemz,withstand
,witness
pizd,witty
pift,wizard
yand,wobbly
wolf,wolf
sluk,woman
smed,womanly
,womb
,women
satxi,wonder
satxa,wonder (object)
satxifolo,wonderful
horp,wonderingly
nuzda,wood
glas,woodpecker
,woods
ford,wooingly
,woolly
gaqk,woozy
kref,word
frodi,work
froda,work (object)
snok,workable
xinda,world
wurma,worm
kolpiho,worried
komz,worriedly
sesp,worry
kolpi,worry (action)
kolpiha,worrying
kolpihayo,worryingly
,worse
blug,worst
,worth
tond,worthless
bliq,worthy
wund,wound
yusk,wrap
best,wrath
fufk,wrathfully
pask,wreck
,wretched
,wrinkle
xmez,wrinkly
,wrist
kast,write
haqk,writer
,writing
xrif,wrong
kles,wrongly
vugzo,wry
vugzoyo,wryly
dalt,yacht
fart,yard
piska,year
,yearly
natx,yearning
sledo,
bemz,yellow
privodrata,yesterday
weft,yet
,yield
yapograma,yoctogram
yapomirta,yoctometer
xluqa,yolk
yodograma,yottagram
yodomirta,yottameter
zerzo,young
,younger
zerza,youth
zerzafolo,youthful
yemzo,yummy
,zeal
zupograma,zeptogram
zupomirta,zeptometer
zetograma,zettagram
zetomirta,zettameter
smik,zigzag
druzi,zip
druzatula,zipper
montig,zone
kemz,zoo
,anomaly
,political
,campaign
,simultaneous
,disparate
